측정일자,측정시간,지역,지역명,도로명,시작점,종점,기온,습도,재비산먼지 평균농도,오염범례
2024-09-02,17:07,서울,관악구,과천대로,서울특별시 관악구 남현동,서울특별시 관악구 남현동 산93-5임,29,67,9,매우좋음
2024-09-02,16:41,서울,관악구,남부순환로,서울특별시 관악구 신림동 1674-6도,서울특별시 동작구 사당동 1112도,29,66,10,매우좋음
2024-09-02,16:32,서울,관악구,문성로,서울특별시 관악구 신림동 808-263천,서울특별시 관악구 신림동 산122-13 도,28,69,8,매우좋음
2024-09-02,16:10,서울,관악구,호암로,서울특별시 관악구 신림동 산102-11임,서울특별시 관악구 신림동 288-7 도,27,74,14,매우좋음
2024-09-02,15:53,서울,관악구,쑥고개로,서울특별시 관악구 봉천동 1693-29도,서울특별시 관악구 신림동 808-133천,29,67,13,매우좋음
2024-09-02,15:42,서울,관악구,양녕로,서울특별시 관악구 봉천동 1718-11 도,서울특별시 관악구 봉천동 979-5도,27,72,57,좋음
2024-09-02,15:39,서울,관악구,성현로,서울특별시 관악구 봉천동 7-17도,서울특별시 관악구 봉천동 1718-11 도,27,73,14,매우좋음
2024-09-02,15:29,서울,관악구,관악로,서울특별시 관악구 신림동 145-6 도,서울특별시 관악구 봉천동 1000-4도,29,68,8,매우좋음
2024-09-02,15:10,서울,관악구,신림로,서울특별시 관악구 신림동 1466-4천,서울특별시 관악구 신림동 145-6 도,28,68,13,매우좋음
2024-09-02,14:57,서울,관악구,은천로,서울특별시 관악구 봉천동 7-17도,서울특별시 관악구 봉천동 976-9천,28,70,13,매우좋음
2024-09-02,14:48,서울,관악구,낙성대로,서울특별시 관악구 봉천동 산37-2임,서울특별시 관악구 봉천동 1693-38도,27,74,21,매우좋음
2024-09-02,14:27,서울,관악구,봉천로,서울특별시 관악구 신림동 1677-5천,서울특별시 관악구 봉천동 1693-66구,27,71,14,매우좋음
2024-09-02,14:15,서울,관악구,신사로,서울특별시 관악구 신림동 1674도,서울특별시 관악구 신림동 22답,27,73,12,매우좋음
2024-09-02,13:56,서울,관악구,난곡로,서울특별시 관악구 신림동 산87-11도,서울특별시 관악구 신림동 534천,26,75,12,매우좋음
2024-09-02,13:21,서울,구로구,서해안로,서울특별시 구로구 항동 산50-10 도,서울특별시 구로구 개봉동 237-12 철,26,76,13,매우좋음
2024-09-02,13:07,서울,구로구,부일로,서울특별시 구로구 궁동 197-63 도,서울특별시 구로구 온수동 56도,26,76,17,매우좋음
2024-09-02,12:56,서울,구로구,고척로,서울특별시 구로구 고척동 186-4 도,서울특별시 구로구 오류동 6-2도,26,75,20,매우좋음
2024-09-02,12:50,서울,구로구,중앙로,서울특별시 구로구 고척동 69-9도,서울특별시 양천구 신정동 620-2도,26,74,44,매우좋음
2024-09-02,12:42,서울,구로구,개봉로,서울특별시 구로구 개봉동 403-97도,서울특별시 구로구 개봉동 139-4 도,26,75,79,좋음
2024-09-02,12:33,서울,구로구,금오로,서울특별시 구로구 천왕동 278-3 도,서울특별시 구로구 천왕동 12-2도,24,83,27,매우좋음
2024-09-02,12:22,서울,구로구,천왕로,서울특별시 구로구 오류동 352-10 도,서울특별시 구로구 천왕동 278-3 도,24,83,9,매우좋음
2024-09-02,12:10,서울,구로구,오리로,서울특별시 구로구 궁동 5 도,서울특별시 구로구 천왕동 3-5천,25,80,12,매우좋음
2024-09-02,11:28,서울,구로구,경인로,서울특별시 구로구 신도림동 330-7도,서울특별시 구로구 온수동 44-23 도,26,73,24,매우좋음
2024-09-02,11:17,서울,구로구,새말로,서울특별시 구로구 구로동 1-25 천,서울특별시 구로구 구로동 496-128도,25,73,24,매우좋음
2024-09-02,14:33,서울,서초구,양재대로,서울특별시 서초구 염곡동 305도,서울특별시 서초구 우면동 420-2 도,28,65,12,매우좋음
2024-09-02,14:27,서울,서초구,논현로,서울특별시 강남구 도곡동 207 도,서울특별시 서초구 양재동 403 도,28,64,14,매우좋음
2024-09-02,14:16,서울,서초구,남부순환로,서울특별시 서초구 방배동 504-1도,서울특별시 강남구 도곡동 207 도,27,67,15,매우좋음
2024-09-02,14:00,서울,서초구,동작대로,서울특별시 서초구 반포동 1333천,서울특별시 서초구 방배동 504-1도,28,64,14,매우좋음
2024-09-02,13:48,서울,서초구,고무래로,서울특별시 서초구 반포동 131-3 천,서울특별시 서초구 반포동 128-7 도,27,65,15,매우좋음
2024-09-02,13:36,서울,서초구,사임당로,서울특별시 서초구 서초동 1748-33도,서울특별시 서초구 서초동 1374도,27,66,17,매우좋음
2024-09-02,13:29,서울,서초구,명달로,서울특별시 서초구 서초동 1748-10도,서울특별시 서초구 서초동 1748-51도,27,68,14,매우좋음
2024-09-02,13:21,서울,서초구,서초대로,서울특별시 서초구 서초동 1373도,서울특별시 서초구 방배동 2989도,27,66,12,매우좋음
2024-09-02,12:59,서울,서초구,효령로,서울특별시 서초구 방배동 504-1도,서울특별시 서초구 서초동 1374도,26,68,19,매우좋음
2024-09-02,12:30,서울,서초구,방배로,서울특별시 서초구 방배동 805 도,서울특별시 서초구 방배동 1034-2도,26,68,12,매우좋음
2024-09-02,12:16,서울,서초구,반포대로,서울특별시 서초구 서초동 1748-47도,서울특별시 서초구 반포동 651천,27,66,13,매우좋음
2024-09-02,12:07,서울,서초구,서초중앙로,서울특별시 서초구 반포동 128-7 도,서울특별시 서초구 서초동 1748-45도,26,67,18,매우좋음
2024-09-02,11:58,서울,서초구,잠원로,서울특별시 서초구 잠원동 77 도,서울특별시 서초구 반포동 128-7 도,26,68,16,매우좋음
2024-09-02,11:35,서울,서초구,신반포로,서울특별시 서초구 반포동 1340제,서울특별시 서초구 반포동 749-18도,26,67,24,매우좋음
2024-09-02,11:25,서울,서초구,사평대로,서울특별시 서초구 서초동 1373도,서울특별시 서초구 방배동 1302천,26,68,11,매우좋음
2024-09-02,11:07,서울,서초구,서운로,서울특별시 서초구 서초동 1376도,서울특별시 서초구 서초동 1413도,25,68,9,매우좋음
2024-09-02,10:26,서울,서초구,강남대로,서울특별시 서초구 잠원동 77 도,서울특별시 서초구 양재동 238도,25,65,14,매우좋음
2024-09-02,15:25,서울,영등포구,도영로,서울특별시 영등포구 영등포동 647-5도,서울특별시 영등포구 대림동 623-2 제,28,63,9,매우좋음
2024-09-02,15:12,서울,영등포구,영중로,서울특별시 영등포구 영등포동8가 86-3 도,서울특별시 영등포구 영등포동4가 440-10도,27,63,5,매우좋음
2024-09-02,15:07,서울,영등포구,버드나루로,서울특별시 영등포구 영등포동2가 174-1도,서울특별시 영등포구 영등포동8가 88-1 도,28,63,7,매우좋음
2024-09-02,14:54,서울,영등포구,경인로,서울특별시 영등포구 문래동2가 68 천,서울특별시 영등포구 여의도동 3-9도,28,63,5,매우좋음
2024-09-02,14:34,서울,영등포구,문래로,서울특별시 영등포구 영등포동4가 53-3도,서울특별시 영등포구 문래동6가 45-2도,27,63,8,매우좋음
2024-09-02,13:51,서울,용산구,원효로,서울특별시 용산구 원효로1가 109-1도,서울특별시 용산구 청암동 110 도,27,65,7,매우좋음
2024-09-02,13:33,서울,용산구,백범로,서울특별시 용산구 효창동 5-654도,서울특별시 용산구 한강로1가 97도,26,67,6,매우좋음
2024-09-02,13:27,서울,용산구,새창로,서울특별시 용산구 한강로2가 181-2도,서울특별시 용산구 도원동 27도,27,66,6,매우좋음
2024-09-02,13:09,서울,용산구,서빙고로,서울특별시 용산구 한남동 773-17철,서울특별시 용산구 한강로3가 43-1도,26,69,5,매우좋음
2024-09-02,13:00,서울,용산구,독서당로,서울특별시 용산구 한남동 539-1도,서울특별시 용산구 한남동 60-69도,26,68,5,매우좋음
2024-09-02,12:54,서울,용산구,한남대로,서울특별시 용산구 한남동 산9-19임,서울특별시 용산구 한남동 782천,26,70,5,매우좋음
2024-09-02,12:47,서울,용산구,소월로,서울특별시 용산구 후암동 30-82대,서울특별시 용산구 한남동 726-468도,24,74,5,매우좋음
2024-09-02,12:32,서울,용산구,녹사평대로,서울특별시 용산구 서빙고동 287-3천,서울특별시 중구 회현동1가 산1-2임,26,68,6,매우좋음
2024-09-02,12:16,서울,용산구,이촌로,서울특별시 용산구 원효로4가 113-54천,서울특별시 용산구 서빙고동 288-1천,26,71,9,매우좋음
2024-09-02,12:04,서울,용산구,청파로,서울특별시 용산구 서계동 217-2 도,서울특별시 용산구 이촌동 322천,26,71,20,매우좋음
2024-09-02,11:48,서울,용산구,한강대로,서울특별시 용산구 이촌동 372천,서울특별시 용산구 동자동 43-207도,26,70,12,매우좋음
2024-09-02,15:20,서울,서대문구,통일로,서울특별시 서대문구 홍은동 164-46도,서울특별시 서대문구 홍제동 47-32구,27,64,8,매우좋음
2024-09-02,15:03,서울,서대문구,가좌로,서울특별시 서대문구 홍은동 340도,서울특별시 서대문구 연희동 143-13도,27,64,10,매우좋음
2024-09-02,14:53,서울,서대문구,응암로,서울특별시 서대문구 북가좌동 398 도,서울특별시 서대문구 북가좌동 359-1도,27,64,10,매우좋음
2024-09-02,14:40,서울,서대문구,연희로,서울특별시 서대문구 홍은동 226-4도,서울특별시 서대문구 창천동 516도,26,66,10,매우좋음
2024-09-02,14:30,서울,서대문구,세검정로,서울특별시 서대문구 홍제동 4-4 임,서울특별시 서대문구 홍은동 53-27대,26,66,27,매우좋음
2024-09-02,14:06,서울,서대문구,모래내로,서울특별시 서대문구 남가좌동 110-4천,서울특별시 서대문구 홍제동 161-1 도,26,67,12,매우좋음
2024-09-02,14:01,서울,서대문구,수색로,서울특별시 서대문구 북가좌동 415 도,서울특별시 서대문구 연희동 542-77 천,26,66,14,매우좋음
2024-09-02,12:58,서울,서대문구,성산로,서울특별시 서대문구 현저동 935도,서울특별시 서대문구 연희동 542-77 천,26,67,7,매우좋음
2024-09-02,12:41,서울,중구,남대문로,서울특별시 중구 남대문로1가 9도,서울특별시 중구 남대문로4가 24도,26,66,9,매우좋음
2024-09-02,12:33,서울,중구,세종대로,서울특별시 중구 남대문로5가 67-2대,서울특별시 중구 태평로1가 63-17도,26,67,9,매우좋음
2024-09-02,12:26,서울,중구,통일로,서울특별시 중구 충정로1가 88-8도,서울특별시 중구 봉래동2가 130도,26,69,14,매우좋음
2024-09-02,12:21,서울,중구,서소문로,서울특별시 중구 태평로2가 113-1도,서울특별시 중구 의주로1가 180-1도,26,69,9,매우좋음
2024-09-02,12:13,서울,중구,을지로,서울특별시 중구 신당동 226-4도,서울특별시 중구 소공동 100도,26,68,13,매우좋음
2024-09-02,12:06,서울,중구,삼일대로,서울특별시 중구 장충동2가 산 14-21임,서울특별시 중구 장교동 46-4 도,27,64,7,매우좋음
2024-09-02,11:48,서울,중구,장충단로,서울특별시 중구 을지로6가 18-214도,서울특별시 중구 장충동2가 산 5-7도,25,70,11,매우좋음
2024-09-02,11:37,서울,중구,동호로,서울특별시 중구 신당동 309-61 공,서울특별시 중구 방산동 5-1도,26,71,14,매우좋음
2024-09-02,11:30,서울,중구,다산로,서울특별시 중구 흥인동 163-1도,서울특별시 중구 신당동 산 24-110도,25,71,17,매우좋음
2024-09-02,11:16,서울,중구,난계로,서울특별시 중구 신당동 85-730대,서울특별시 중구 황학동 2472-1천,25,74,11,매우좋음
2024-09-02,10:54,서울,중구,퇴계로,서울특별시 중구 봉래동2가 130도,서울특별시 중구 황학동 2542도,26,68,14,매우좋음
2024-09-02,13:39,서울,도봉구,마들로,서울특별시 도봉구 창동 796 천,서울특별시 도봉구 도봉동 11-8 답,25,75,38,매우좋음
2024-09-02,13:02,서울,도봉구,도당로,서울특별시 도봉구 쌍문동 20-7도,서울특별시 도봉구 방학동 726-65 도,25,76,63,좋음
2024-09-02,12:48,서울,도봉구,방학로,서울특별시 도봉구 방학동 18-5천,서울특별시 강북구 우이동 산103-1도,25,74,19,매우좋음
2024-09-02,12:35,서울,도봉구,노해로,서울특별시 도봉구 쌍문동 358-7도,서울특별시 도봉구 창동 21-1천,24,77,26,매우좋음
2024-09-02,12:23,서울,도봉구,덕릉로,서울특별시 도봉구 창동 756-164 천,서울특별시 도봉구 창동 737-8천,25,77,22,매우좋음
2024-09-02,12:05,서울,도봉구,해등로,서울특별시 도봉구 쌍문동 509-11도,서울특별시 도봉구 창동 산135-1도,24,78,29,매우좋음
2024-09-02,12:00,서울,도봉구,삼양로,쌍문동 513-2대,쌍문동 424-31천,24,82,16,매우좋음
2024-09-02,10:44,서울,도봉구,도봉로,서울특별시 도봉구 도봉동 368-2 도,서울특별시 도봉구 창동 737-1 천,23,80,44,매우좋음
2024-09-03,14:19,경기,안양시 만안구,삼막로,경기도 안양시만안구 석수동 100도,서울특별시 관악구 신림동 산56-2 임,32,51,13,매우좋음
2024-09-03,14:06,경기,안양시 만안구,석수로,경기도 안양시만안구 석수동 333-1도,경기도 안양시만안구 석수동 355-4전,31,52,13,매우좋음
2024-09-03,14:00,경기,안양시 만안구,충훈로,경기도 안양시만안구 박달동 126-2 도,경기도 안양시만안구 석수동 796-1도,32,51,8,매우좋음
2024-09-03,13:50,경기,안양시 만안구,병목안로,경기도 안양시만안구 안양동 산79-3임,경기도 안양시만안구 안양동 1189-1도,32,51,7,매우좋음
2024-09-03,13:20,경기,안양시 동안구,벌말로,경기도 안양시동안구 관양동 130-3도,경기도 안양시동안구 평촌동 951도,31,51,6,매우좋음
2024-09-03,13:04,경기,안양시 동안구,관악대로,경기도 안양시동안구 비산동 593천,경기도 안양시동안구 관양동 146-4도,31,52,11,매우좋음
2024-09-03,11:46,경기,안양시 동안구,평촌대로,경기도 안양시동안구 호계동 1214도,경기도 안양시동안구 비산동 47-4전,30,50,13,매우좋음
2024-09-03,11:25,경기,안양시 동안구,흥안대로,경기도 안양시동안구 관양동 1563 도,경기도 안양시동안구 호계동 1037도,30,49,7,매우좋음
2024-09-03,11:13,경기,안양시 동안구,달안로,경기도 안양시동안구 비산동 1144도,경기도 안양시동안구 관양동 1622도,29,52,57,좋음
2024-09-03,11:03,경기,안양시 동안구,학의로,경기도 안양시동안구 평촌동 2-1 천,경기도 안양시동안구 비산동 1144도,29,52,12,매우좋음
2024-09-03,10:56,경기,안양시 동안구,부림로,경기도 안양시동안구 평촌동 985도,경기도 안양시동안구 관양동 1622도,29,52,5,매우좋음
2024-09-03,10:40,경기,안양시 동안구,관평로,경기도 안양시동안구 관양동 1526도,경기도 안양시동안구 평촌동 141-2 도,29,52,11,매우좋음
2024-09-03,10:28,경기,안양시 동안구,동안로,경기도 안양시동안구 호계동 1167도,경기도 안양시동안구 비산동 1063도,28,55,5,매우좋음
2024-09-03,12:54,경기,화성시,효행로,경기도 화성시 봉담읍 수영리 233-4목,경기도 화성시 반월동 124-6도,31,48,8,매우좋음
2024-09-03,12:18,경기,화성시,동화역말길,경기도 화성시 봉담읍 동화리 636-1도,경기도 화성시 봉담읍 와우리 122도,30,52,15,매우좋음
2024-09-03,12:08,경기,화성시,동화길,경기도 화성시 봉담읍 수영리 660-1도,경기도 화성시 봉담읍 분천리 51-2도,30,50,11,매우좋음
2024-09-03,11:43,경기,화성시,시청로,경기도 화성시 정남면 문학리 538-5임,경기도 화성시 남양읍 남양리 1194-3도,29,52,12,매우좋음
2024-09-03,11:29,경기,화성시,행정중앙2로,경기도 화성시 향남읍 행정리 534도,경기도 화성시 향남읍 행정리 583도,29,53,14,매우좋음
2024-09-03,11:25,경기,화성시,행정중앙1로,경기도 화성시 향남읍 행정리 583-1도,경기도 화성시 향남읍 행정리 534-2도,29,53,10,매우좋음
2024-09-03,11:20,경기,화성시,행정동로,경기도 화성시 향남읍 도이리 425도,경기도 화성시 향남읍 행정리 583-1도,28,55,10,매우좋음
2024-09-03,11:07,경기,화성시,발안로,경기도 화성시 향남읍 평리 223-42도,경기도 화성시 향남읍 수직리 97-1도,29,52,10,매우좋음
2024-09-03,10:51,경기,화성시,향남로,경기도 화성시 팔탄면 가재리 537-1대,경기도 화성시 향남읍 상신리 813-21 답,28,54,9,매우좋음
2024-09-03,10:42,경기,화성시,발안만세길,경기도 화성시 향남읍 장짐리 360-10답,경기도 화성시 향남읍 제암리 118-2도,28,53,35,매우좋음
2024-09-03,15:11,경기,수원시 영통구,웰빙타운로,경기도 수원시 영통구 이의동 1373-1도,경기도 수원시 영통구 이의동 1373-12도,31,48,5,매우좋음
2024-09-03,15:01,경기,수원시 영통구,대학로,경기도 수원시 영통구 이의동 912-12도,경기도 수원시 영통구 이의동 1373-4도,32,47,5,매우좋음
2024-09-03,14:53,경기,수원시 영통구,에듀타운로,경기도 수원시 영통구 이의동 1381-22도,경기도 수원시 영통구 이의동 1381도,31,48,5,매우좋음
2024-09-03,14:39,경기,수원시 영통구,광교호수로,경기도 수원시 영통구 하동 72-1도,경기도 수원시 영통구 원천동 626도,31,48,5,매우좋음
2024-09-03,14:26,경기,수원시 영통구,센트럴파크로,경기도 수원시 영통구 이의동 1379-5도,경기도 수원시 영통구 하동 1044-2도,31,48,3,매우좋음
2024-09-03,14:19,경기,수원시 영통구,센트럴타운로,경기도 수원시 영통구 이의동 1381-23도,경기도 수원시 영통구 이의동 342-1전,31,49,4,매우좋음
2024-09-03,14:14,경기,수원시 영통구,법조로,경기도 용인시수지구 상현동 916도,경기도 수원시 영통구 하동 1046-2도,31,50,5,매우좋음
2024-09-03,14:05,경기,수원시 영통구,광교중앙로,경기도 수원시 영통구 원천동 620-14도,경기도 용인시수지구 상현동 1066도,31,49,4,매우좋음
2024-09-03,13:58,경기,수원시 영통구,동수원로,경기도 수원시 영통구 매탄동 910도,경기도 수원시 영통구 원천동 620-14도,32,46,4,매우좋음
2024-09-03,13:56,경기,수원시 팔달구,동수원로,경기도 수원시 영통구 매탄동 1190도,경기도 수원시 영통구 매탄동 926-21 도,32,46,6,매우좋음
2024-09-03,13:45,경기,수원시 권선구,동수원로,경기도 수원시 권선구 대황교동 4-2대,경기도 수원시 영통구 매탄동 1190도,32,46,5,매우좋음
2024-09-03,13:30,경기,수원시 권선구,정조로,경기도 수원시 권선구 세류동 1033-3도,경기도 수원시 권선구 대황교동 104-3도,31,47,9,매우좋음
2024-09-03,13:23,경기,수원시 팔달구,인계로,경기도 수원시 영통구 매탄동 950-1도,경기도 수원시 팔달구 매교동 220도,31,47,4,매우좋음
2024-09-03,13:16,경기,수원시 영통구,인계로,경기도 수원시 영통구 매탄동 916 도,경기도 수원시 영통구 매탄동 950-1도,31,47,18,매우좋음
2024-09-03,13:01,경기,수원시 팔달구,효원로,경기도 수원시 팔달구 매산로3가 5-6도,경기도 수원시 영통구 매탄동 1329도,31,48,10,매우좋음
2024-09-03,12:41,경기,수원시 권선구,수인로,경기도 수원시 권선구 당수동 143-1도,경기도 수원시 권선구 서둔동 9-23도,31,47,10,매우좋음
2024-09-03,12:37,경기,수원시 권선구,수성로,경기도 수원시 권선구 서둔동 279-1도,경기도 수원시 권선구 구운동 547도,31,47,4,매우좋음
2024-09-03,12:33,경기,수원시 팔달구,수성로,경기도 수원시 팔달구 화서동 360-1도,경기도 수원시 팔달구 화서동 360-1도,30,47,17,매우좋음
2024-09-03,12:15,경기,수원시 장안구,수성로,경기도 수원시 장안구 조원동 533-11도,경기도 수원시 장안구 정자동 109-38도,30,46,7,매우좋음
2024-09-03,12:07,경기,수원시 팔달구,월드컵로,경기도 수원시 팔달구 우만동 산77-8도,경기도 수원시 팔달구 우만동 581도,30,47,6,매우좋음
2024-09-03,11:53,경기,수원시 영통구,월드컵로,경기도 수원시 영통구 원천동 626도,경기도 수원시 영통구 원천동 산11-10도,30,48,3,매우좋음
2024-09-03,11:28,경기,수원시 영통구,영통로,경기도 수원시 영통구 망포동 678 구,경기도 용인시기흥구 영덕동 861도,29,49,3,매우좋음
2024-09-03,11:14,경기,수원시 영통구,권선로,경기도 수원시 영통구 매탄동 1190도,경기도 수원시 영통구 망포동 38-3 도,29,47,3,매우좋음
2024-09-03,10:53,경기,수원시 권선구,권선로,경기도 수원시 권선구 호매실동 1436도,경기도 수원시 영통구 매탄동 1190도,29,47,6,매우좋음
2024-09-03,16:09,서울,영등포구,국회대로,서울특별시 마포구 당인동 313 천,서울특별시 영등포구 양평동3가 57-5도,32,45,6,매우좋음
2024-09-03,16:01,서울,영등포구,여의공원로,서울특별시 영등포구 여의도동 2-11도,서울특별시 영등포구 여의도동 1-10도,32,45,6,매우좋음
2024-09-03,15:51,서울,영등포구,여의나루로,서울특별시 영등포구 여의도동 3-9도,서울특별시 영등포구 여의도동 8-13 도,33,44,6,매우좋음
2024-09-03,15:30,서울,영등포구,여의동로,서울특별시 영등포구 여의도동 3-9도,서울특별시 영등포구 여의도동 8-1도,32,46,5,매우좋음
2024-09-03,15:19,서울,영등포구,국제금융로,서울특별시 영등포구 여의도동 7-21도,서울특별시 영등포구 여의도동 2-11도,32,45,6,매우좋음
2024-09-03,15:08,서울,영등포구,의사당대로,서울특별시 영등포구 여의도동 1-1도,서울특별시 영등포구 여의도동 5도,32,45,7,매우좋음
2024-09-03,14:56,서울,영등포구,여의서로,서울특별시 영등포구 여의도동 8-1도,서울특별시 영등포구 여의도동 2-9도,32,44,5,매우좋음
2024-09-03,14:34,서울,영등포구,여의대방로,서울특별시 영등포구 여의도동 523 천,서울특별시 영등포구 여의도동 87-3천,33,43,5,매우좋음
2024-09-03,14:13,서울,영등포구,신길로,서울특별시 영등포구 영등포동1가 97-4도,서울특별시 영등포구 대림동 951-1도,33,41,6,매우좋음
2024-09-03,13:48,서울,영등포구,영등포로,서울특별시 영등포구 양평동2가 42-1도,서울특별시 영등포구 신길동 산168도,32,42,6,매우좋음
2024-09-03,12:32,서울,영등포구,선유로,서울특별시 영등포구 당산동 372 천,서울특별시 영등포구 문래동5가 5-1도,31,43,7,매우좋음
2024-09-03,12:18,서울,영등포구,당산로,서울특별시 영등포구 문래동3가 59-1도,서울특별시 영등포구 당산동 91-2 도,31,43,6,매우좋음
2024-09-03,12:04,서울,영등포구,도림로,서울특별시 영등포구 대림동 1053-6 천,서울특별시 영등포구 문래동4가 9-11 도,31,44,7,매우좋음
2024-09-03,11:49,서울,영등포구,대림로,서울특별시 영등포구 대림동 990-130도,서울특별시 영등포구 대림동 699도,31,42,11,매우좋음
2024-09-03,11:38,서울,영등포구,디지털로,서울특별시 영등포구 대림동 1064-3 천,서울특별시 영등포구 대림동 907-32구,30,44,8,매우좋음
2024-09-03,11:23,서울,영등포구,신풍로,서울특별시 영등포구 신길동 399 도,서울특별시 영등포구 신길동 4884도,30,43,8,매우좋음
2024-09-03,11:12,서울,영등포구,대방천로,서울특별시 영등포구 신길동 3937-7 천,서울특별시 영등포구 도림동 273-2천,30,42,19,매우좋음
2024-09-03,10:47,서울,영등포구,가마산로,서울특별시 영등포구 대림동 774도,서울특별시 영등포구 신길동 4880도,29,43,7,매우좋음
2024-09-03,10:35,서울,영등포구,도신로,서울특별시 영등포구 신길동 98-4도,서울특별시 영등포구 대림동 647-2제,30,42,6,매우좋음
2024-09-03,10:16,서울,영등포구,영신로,서울특별시 영등포구 당산동5가 11-37도,서울특별시 영등포구 도림동 1-22도,29,44,15,매우좋음
2024-09-03,10:11,서울,영등포구,양평로,서울특별시 영등포구 양평동 28-1천,서울특별시 영등포구 영등포동8가 86-3 도,28,45,4,매우좋음
2024-09-03,15:06,경기,평택시,도일유통길,경기도 평택시 칠괴동 29-13전,경기도 평택시 도일동 산 200-14 임,32,56,85,좋음
2024-09-03,15:00,경기,평택시,삼남로,경기도 평택시 칠괴동 79-4답,경기도 평택시 진위면 봉남리 459-13도,32,57,418,매우나쁨
2024-09-03,14:46,경기,평택시,동삭로,경기도 평택시 신대동 453-8도,경기도 평택시 칠괴동 87-3도,32,57,13,매우좋음
2024-09-03,14:32,경기,평택시,추팔산단로,경기도 평택시 팽성읍 남산리 80-83철,경기도 평택시 팽성읍 추팔리 417도,31,58,28,매우좋음
2024-09-03,14:04,경기,평택시,안정로,경기도 평택시 팽성읍 평궁리 361-4도,경기도 평택시 팽성읍 안정리 129-4도,31,58,19,매우좋음
2024-09-03,13:55,경기,평택시,원평로,경기도 평택시 통복동 124-30 도,경기도 평택시 군문동 316-1구,31,57,33,매우좋음
2024-09-03,13:36,경기,평택시,평택로,경기도 평택시 평택동 201-2도,경기도 평택시 세교동 400-58 도,32,56,11,매우좋음
2024-09-03,13:29,경기,평택시,평택4로,경기도 평택시 비전동 840도,경기도 평택시 합정동 843도,31,57,23,매우좋음
2024-09-03,13:21,경기,평택시,비전2로,경기도 평택시 동삭동 746도,경기도 평택시 죽백동 819도,30,58,7,매우좋음
2024-09-03,12:58,경기,평택시,평남로,경기도 평택시 세교동 9-19도,경기도 평택시 고덕면 동고리 56-1도,31,57,12,매우좋음
2024-09-03,12:42,경기,평택시,평택5로,경기도 평택시 비전동 840-15도,경기도 평택시 합정동 81-1도,30,59,24,매우좋음
2024-09-03,12:33,경기,평택시,만세로,경기도 평택시 비전동 840도,경기도 평택시 청룡동 76 도,30,57,18,매우좋음
2024-09-03,12:13,경기,평택시,중앙로,경기도 평택시 소사동 127-9도,경기도 평택시 통복동 16-1 도,31,56,21,매우좋음
2024-09-03,12:06,경기,평택시,서동대로,경기도 평택시 소사동 498 도,경기도 평택시 현덕면 권관리 564-21제,31,57,26,매우좋음
2024-09-03,11:13,경기,평택시,경기대로,경기도 평택시 진위면 갈곶리 265-8도,경기도 평택시 유천동,29,59,61,좋음
2024-09-04,14:04,서울,서초구,헌릉로,서울특별시 서초구 양재동 238-1도,서울특별시 서초구 내곡동 산13-250 도,32,46,13,매우좋음
2024-09-04,13:57,서울,서초구,매헌로,서울특별시 서초구 양재동 238도,서울특별시 서초구 양재동 227-6도,33,44,6,매우좋음
2024-09-04,13:42,서울,서초구,바우뫼로,서울특별시 서초구 우면동 23도,서울특별시 서초구 양재동 4-19도,32,47,17,매우좋음
2024-09-04,13:33,서울,서초구,태봉로,서울특별시 서초구 우면동 420-2 도,서울특별시 서초구 우면동 23-14 도,32,45,7,매우좋음
2024-09-04,12:25,경기,의왕시,부곡중앙로,경기도 의왕시 삼동 471-94대,경기도 의왕시 삼동 248-1도,30,49,23,매우좋음
2024-09-04,12:16,경기,의왕시,덕영대로,경기도 의왕시 이동 294-4도,경기도 의왕시 월암동 762-2 도,31,49,9,매우좋음
2024-09-04,12:08,경기,의왕시,시청로,경기도 의왕시 고천동 373-8도,경기도 의왕시 고천동 103-9 도,30,50,159,나쁨
2024-09-04,11:53,경기,의왕시,오전로,경기도 의왕시 왕곡동 613천,경기도 의왕시 오전동 101-10도,30,50,6,매우좋음
2024-09-04,11:42,경기,의왕시,경수대로,경기도 의왕시 오전동 산81-4도,경기도 의왕시 왕곡동,31,48,15,매우좋음
2024-09-04,11:37,경기,의왕시,모락로,경기도 의왕시 오전동 833-1도,경기도 의왕시 오전동 107-5도,30,51,5,매우좋음
2024-09-04,11:28,경기,의왕시,복지로,경기도 의왕시 내손동 665-7대,경기도 의왕시 내손동 745도,30,50,151,나쁨
2024-09-04,10:33,경기,의왕시,내손로,경기도 의왕시 내손동 713-5도,경기도 의왕시 내손동 713-5도,28,54,102,보통
2024-09-04,10:21,경기,의왕시,포일로,경기도 의왕시 포일동 산63-18임,경기도 의왕시 내손동 713-1도,29,54,7,매우좋음
2024-09-04,10:16,경기,의왕시,덕장로,경기도 의왕시 청계동 999도,경기도 의왕시 포일동 108-2도,28,56,35,매우좋음
2024-09-04,10:06,경기,의왕시,안양판교로,경기도 의왕시 포일동 산61-4임,경기도 의왕시 청계동 134-8도,29,53,13,매우좋음
2024-09-04,10:01,경기,의왕시,포일세거리로,경기도 의왕시 포일동 679 도,경기도 의왕시 포일동 485-5도,27,56,8,매우좋음
2024-09-04,14:34,경기,구리시,건원대로,경기도 구리시 인창동 263-2도,경기도 구리시 인창동 679-8 도,33,43,4,매우좋음
2024-09-04,14:25,경기,구리시,안골로,경기도 구리시 교문동 360-10도,경기도 구리시 수택동 490-1도,32,45,5,매우좋음
2024-09-04,14:18,경기,구리시,이문안로,경기도 구리시 토평동 260-1도,경기도 구리시 교문동 105-3도,33,44,3,매우좋음
2024-09-04,14:12,경기,구리시,장자대로,경기도 구리시 교문동 469-4도,경기도 구리시 토평동 275-8도,33,44,7,매우좋음
2024-09-04,13:53,경기,구리시,동구릉로,경기도 남양주시 퇴계원면 퇴계원리 321-1 도,경기도 구리시 교문동 257-4도,32,45,5,매우좋음
2024-09-04,13:43,경기,구리시,경춘북로,경기도 구리시 갈매동 437-20 도,경기도 구리시 갈매동 6-49 천,32,44,6,매우좋음
2024-09-04,13:24,경기,구리시,경춘로,경기도 구리시 수택동 366-3천,경기도 구리시 교문동 산32-1도,32,44,4,매우좋음
2024-09-04,13:16,경기,구리시,벌말로,경기도 구리시 토평동 480-8 도,경기도 구리시 수택동 353 도,32,44,5,매우좋음
2024-09-04,13:05,경기,구리시,검배로,경기도 구리시 수택동 360도,경기도 구리시 수택동 2-10도,31,45,9,매우좋음
2024-09-04,12:46,경기,구리시,아차산로,경기도 구리시 아천동 산42-6도,경기도 구리시 교문동 257-4도,31,47,8,매우좋음
2024-09-04,11:41,경기,양평군,중앙로,경기도 양평군 양평읍 대흥리 779-1도,경기도 양평군 양평읍 양근리 85-3 도,29,54,10,매우좋음
2024-09-04,11:21,경기,양평군,남북로,경기도 양평군 양평읍 공흥리 515-1도,경기도 양평군 양평읍 창대리 695-3도,28,55,8,매우좋음
2024-09-04,11:12,경기,양평군,경강로,경기도 양평군 청운면 갈운리 산1-5도,경기도 양평군 양서면 양수리 868천,28,52,21,매우좋음
2024-09-04,11:06,경기,양평군,경강로,경기도 양평군 청운면 갈운리 산1-5도,경기도 양평군 양서면 양수리 868천,28,55,23,매우좋음
2024-09-04,15:02,경기,안성시,청원로,경기도 안성시 원곡면 외가천리 255-4도,경기도 평택시 도일동 산286-1도,33,44,18,매우좋음
2024-09-04,14:35,경기,안성시,서동대로,경기도 안성시 공도읍 진사리 633-4도,경기도 안성시 일죽면 당촌리 산1-4도,33,44,14,매우좋음
2024-09-04,14:29,경기,안성시,공도로,경기도 안성시 공도읍 만정리 676-2도,경기도 안성시 공도읍 용두리 731-2도,33,43,5,매우좋음
2024-09-04,12:34,경기,안성시,제4산단로,경기도 안성시 서운면 양촌리 477 도,경기도 안성시 미양면 양변리 산9-58 임,31,45,83,좋음
2024-09-04,12:28,경기,안성시,서운로,경기도 안성시 계동 170-3도,경기도 안성시 서운면 산평리 316-3천,31,46,26,매우좋음
2024-09-04,12:17,경기,안성시,제2공단1길,경기도 안성시 미양면 계륵리 275도,경기도 안성시 미양면 구수리 10-2답,31,46,6,매우좋음
2024-09-04,12:11,경기,안성시,안성맞춤대로,경기도 안성시 양성면 난실리 209도,경기도 안성시 서운면 현매리 226-2도,31,47,5,매우좋음
2024-09-04,11:53,경기,안성시,중앙로,경기도 안성시 대덕면 내리 670-3도,경기도 안성시 봉산동 92도,30,48,7,매우좋음
2024-09-04,11:46,경기,안성시,공단로,경기도 안성시 신건지동 72도,경기도 안성시 신모산동 27도,30,48,6,매우좋음
2024-09-04,11:34,경기,안성시,남파로,경기도 안성시 봉산동 95도,경기도 안성시 신건지동 72도,30,48,13,매우좋음
2024-09-04,14:44,경기,화성시,동탄공원로,경기도 화성시 능동 1242도,경기도 화성시 반송동 109도,32,86,12,매우좋음
2024-09-04,14:31,경기,화성시,여울로,경기도 화성시 능동 1175도,경기도 화성시 능동 1243도,32,86,11,매우좋음
2024-09-04,14:22,경기,화성시,동탄원천로,경기도 화성시 영천동 651-162도,경기도 화성시 반정동 537-5천,32,85,49,매우좋음
2024-09-04,13:57,경기,화성시,동탄중앙로,경기도 화성시 반송동 290도,경기도 화성시 영천동  167-8도,32,85,13,매우좋음
2024-09-04,13:45,경기,화성시,동탄반석로,경기도 화성시 석우동 113도,경기도 화성시 반송동 290도,31,86,10,매우좋음
2024-09-04,12:13,경기,화성시,동탄지성로,경기도 화성시 반월동 767-6도,경기도 화성시 반송동 243도,31,85,35,매우좋음
2024-09-04,11:58,경기,화성시,경기대로,경기도 화성시 병점동 505-8도,경기도 수원시 권선구 대황교동 525-2천,31,84,10,매우좋음
2024-09-04,11:44,경기,화성시,10용사로,경기도 화성시 오산동  881-7도,경기도 화성시 안녕동 71-145전,30,84,4,매우좋음
2024-09-04,11:40,경기,화성시,동탄나루로,경기도 화성시 반송동 243-4도,경기도 화성시 반송동 301-2도,30,84,5,매우좋음
2024-09-04,11:33,경기,화성시,노작로,경기도 화성시 석우동 590-9천,경기도 화성시 오산동  952-39도,30,84,7,매우좋음
2024-09-04,11:28,경기,화성시,삼성1로,경기도 화성시 반월동 124-6도,경기도 화성시 석우동 590-51천,29,84,5,매우좋음
2024-09-04,14:38,경기,평택시,포승공단로,경기도 평택시 포승읍 원정리 1206-15도,경기도 평택시 포승읍 도곡리 1206도,32,53,32,매우좋음
2024-09-04,14:33,경기,평택시,평택항로156번길,경기도 평택시 포승읍 내기리 683 도,경기도 평택시 포승읍 만호리 604도,31,55,128,보통
2024-09-04,14:13,경기,평택시,평택항로,경기도 평택시 포승읍 만호리 산60-1도,경기도 평택시 포승읍 도곡리 208-6도,32,55,64,좋음
2024-09-04,13:53,경기,평택시,포승공단순환로,경기도 평택시 포승읍 원정리 1204-6도,경기도 평택시 포승읍 만호리 565-2도,31,54,80,좋음
2024-09-04,13:37,경기,평택시,평택항만길,경기도 평택시 포승읍 만호리 산60-1도,경기도 평택시 포승읍 원정리 1205-8도,32,53,36,매우좋음
2024-09-04,13:15,경기,평택시,안현로서6길,경기도 평택시 안중읍 현화리 877도,경기도 평택시 안중읍 현화리 889도,31,54,18,매우좋음
2024-09-04,13:08,경기,평택시,안현로서7길,경기도 평택시 안중읍 현화리 907도,경기도 평택시 안중읍 현화리 877도,31,53,18,매우좋음
2024-09-04,13:01,경기,평택시,안현로서9길,경기도 평택시 안중읍 현화리 산276-1전,경기도 평택시 안중읍 현화리 870도,31,54,12,매우좋음
2024-09-04,12:48,경기,평택시,안청로,경기도 평택시 안중읍 현화리 637-14 도,경기도 평택시 청북읍 옥길리 150-170 답,30,56,25,매우좋음
2024-09-04,12:44,경기,평택시,안청로1길,경기도 평택시 청북읍 옥길리 1202도,경기도 평택시 청북읍 옥길리 1217도,30,57,70,좋음
2024-09-04,12:26,경기,평택시,청북남로,경기도 평택시 청북읍 후사리 373-6도,경기도 평택시 청북읍 옥길리 1201도,30,56,19,매우좋음
2024-09-04,11:45,경기,평택시,지산로,경기도 평택시 지산동 811-1도,경기도 평택시 지산동 223-16도,30,57,47,매우좋음
2024-09-04,11:38,경기,평택시,지산천로,경기도 평택시 신장동 66-13 답,경기도 평택시 지산동 1197도,29,57,29,매우좋음
2024-09-04,11:28,경기,평택시,추담로,경기도 평택시 이충동 산59-6도,경기도 평택시 이충동 258-2답,29,59,10,매우좋음
2024-09-04,11:23,경기,평택시,정암로,경기도 평택시 서정동 429-7도,경기도 평택시 이충동 536-7도,29,59,9,매우좋음
2024-09-04,11:17,경기,평택시,청원로,경기도 평택시 도일동 산193-8임,경기도 평택시 청북읍 현곡리 293-18도,29,58,17,매우좋음
2024-09-04,11:08,경기,평택시,산단로,경기도 평택시 모곡동 453도,경기도 평택시 칠괴동 56-12도,29,58,74,좋음
2024-09-05,11:38,서울,동작구,노량진로,서울특별시 동작구 본동 475-1도,서울특별시 동작구 대방동 117-7도,29,65,10,매우좋음
2024-09-05,11:33,서울,동작구,현충로,서울특별시 동작구 동작동 126-12천,서울특별시 동작구 본동 10-40도,30,62,12,매우좋음
2024-09-05,11:22,서울,동작구,동작대로,사당동 588-45,동작동 326,31,58,8,매우좋음
2024-09-05,11:17,서울,동작구,남부순환로,서울특별시 관악구 봉천동 1693-39도,서울특별시 동작구 사당동 1112도,30,60,13,매우좋음
2024-09-05,10:58,서울,동작구,사당로,서울특별시 동작구 상도동 514 도,서울특별시 동작구 사당동 144-4도,30,61,10,매우좋음
2024-09-05,10:44,서울,동작구,상도로,서울특별시 동작구 대방동 466-51도,서울특별시 동작구 상도동 124 도,30,60,19,매우좋음
2024-09-05,10:20,서울,동작구,장승배기로,서울특별시 동작구 노량진동 60-11도,서울특별시 동작구 상도동 208-4도,30,58,141,보통
2024-09-05,11:22,서울,강북구,삼양로,서울특별시 성북구 길음동 586-44도,서울특별시 강북구 우이동 207-16 도,29,66,7,매우좋음
2024-09-05,11:04,서울,강북구,도봉로,서울특별시 강북구 번동 655-1천,서울특별시 강북구 미아동 14-2도,30,61,7,매우좋음
2024-09-05,10:57,서울,강북구,노해로,서울특별시 강북구 번동 386-16도,서울특별시 강북구 수유동 650-31천,29,61,8,매우좋음
2024-09-05,11:36,서울,종로구,지봉로,서울특별시 종로구 창신동 436-87천,서울특별시 종로구 숭인동 2-1 대,30,61,8,매우좋음
2024-09-05,11:25,서울,마포구,토정로,서울특별시 마포구 마포동 33-18도,서울특별시 마포구 합정동 139-21 잡,29,74,36,매우좋음
2024-09-05,11:04,서울,마포구,독막로,서울특별시 마포구 합정동 420 도,서울특별시 마포구 도화동 293-1도,29,74,15,매우좋음
2024-09-05,10:41,서울,마포구,월드컵로,경기도 고양시덕양구 덕은동 269-4전,서울특별시 마포구 합정동 422도,30,73,9,매우좋음
2024-09-05,10:30,서울,마포구,성암로,서울특별시 마포구 연남동 448-4천,서울특별시 마포구 상암동 862전,29,74,12,매우좋음
2024-09-05,11:45,서울,동대문구,한천로,서울특별시 동대문구 이문동 209-1도,서울특별시 동대문구 장안동 472-3도,30,69,24,매우좋음
2024-09-05,11:35,서울,동대문구,이문로,서울특별시 동대문구 회기동 67-7 도,서울특별시 동대문구 이문동 251-1도,30,68,102,보통
2024-09-05,11:22,서울,동대문구,왕산로,서울특별시 동대문구 신설동 76-90 도,서울특별시 동대문구 회기동 67-7 도,30,67,14,매우좋음
2024-09-05,11:14,서울,동대문구,안암로,제기동 1149-8,신설동 397,30,67,38,매우좋음
2024-09-05,11:05,서울,동대문구,회기로,서울특별시 동대문구 휘경동 255-4도,서울특별시 동대문구 제기동 1142-19 천,30,66,13,매우좋음
2024-09-05,10:48,서울,동대문구,홍릉로,서울특별시 동대문구 청량리동 산1-227 도,서울특별시 동대문구 청량리동 819도,30,63,22,매우좋음
2024-09-06,16:57,서울,금천구,범안로,서울특별시 금천구 독산동 1085도,서울특별시 금천구 독산동 1081-16도,26,66,7,매우좋음
2024-09-06,16:25,서울,금천구,가산디지털1로,서울특별시 금천구 가산동 515-13구,서울특별시 금천구 가산동 677도,26,67,12,매우좋음
2024-09-06,16:15,서울,금천구,가산디지털2로,서울특별시 금천구 가산동 338-10도,서울특별시 금천구 가산동 481-12 도,26,68,35,매우좋음
2024-09-06,16:02,서울,금천구,안양천로,서울특별시 금천구 독산동 779-5 도,서울특별시 금천구 독산동 1091도,26,72,6,매우좋음
2024-09-06,15:49,서울,금천구,금하로,서울특별시 금천구 시흥동 1010-14도,서울특별시 금천구 시흥동 784-7천,26,73,7,매우좋음
2024-09-06,15:40,서울,금천구,은행나무로,서울특별시 금천구 시흥동 1000-92도,서울특별시 금천구 시흥동 1000-124도,25,75,8,매우좋음
2024-09-06,15:12,서울,금천구,독산로,서울특별시 금천구 독산동 996도,서울특별시 금천구 시흥동 1000-92도,26,74,8,매우좋음
2024-09-06,15:05,서울,금천구,문성로,서울특별시 금천구 독산동 906-42도,서울특별시 금천구 독산동 995-5도,26,73,23,매우좋음
2024-09-06,14:50,서울,금천구,남부순환로,서울특별시 구로구 구로동 699-17 철,서울특별시 구로구 구로동 141-7 도,25,74,12,매우좋음
2024-09-06,10:59,서울,금천구,벚꽃로,서울특별시 금천구 시흥동 113-192 철,서울특별시 금천구 가산동 3-20도,26,78,4,매우좋음
2024-09-06,10:17,서울,금천구,시흥대로,서울특별시 관악구 신림동 1674-6도,서울특별시 금천구 시흥동 1001-42도,26,79,14,매우좋음
2024-09-06,10:09,서울,동작구,시흥대로,신대방동 565,신대방동 702-1,26,79,35,매우좋음
2024-09-06,10:01,서울,동작구,여의대방로,서울특별시 동작구 대방동 498천,서울특별시 동작구 신대방동 551-8도,26,80,8,매우좋음
2024-09-06,16:19,서울,종로구,율곡로,서울특별시 종로구 중학동 93-1천,서울특별시 종로구 종로6가 287-7천,27,61,7,매우좋음
2024-09-06,16:08,서울,종로구,사직로,서울특별시 종로구 교북동 1-60도,서울특별시 종로구 중학동 96도,26,62,6,매우좋음
2024-09-06,15:48,서울,종로구,통일로,서울특별시 종로구 평동 211도,서울특별시 서대문구 홍제동 47-32구,26,63,4,매우좋음
2024-09-06,15:42,서울,종로구,새문안로,서울특별시 종로구 세종로 1-68도,서울특별시 종로구 평동 211도,26,63,4,매우좋음
2024-09-06,15:11,서울,종로구,종로,서울특별시 종로구 숭인동 1474도,서울특별시 종로구 세종로 1-68도,27,62,5,매우좋음
2024-09-06,14:41,서울,종로구,청계천로,서울특별시 중구 태평로1가 63-17도,서울특별시 중구 황학동 2472-1천,25,68,52,좋음
2024-09-06,16:28,서울,마포구,월드컵북로,서울특별시 마포구 동교동 192-5도,서울특별시 마포구 상암동 655도,26,76,8,매우좋음
2024-09-06,16:14,서울,마포구,성산로,서울특별시 마포구 망원동 297-2천,서울특별시 마포구 연남동 448-4천,26,76,6,매우좋음
2024-09-06,15:50,서울,마포구,동교로,서울특별시 마포구 연남동 222-2철,서울특별시 마포구 합정동 450-55전,26,75,31,매우좋음
2024-09-06,15:34,서울,마포구,잔다리로,서울특별시 마포구 서교동 406도,서울특별시 마포구 성산동 245-23도,26,75,12,매우좋음
2024-09-06,15:19,서울,마포구,창전로,서울특별시 마포구 신정동 92-3 도,서울특별시 마포구 창전동 12-34 도,26,74,25,매우좋음
2024-09-06,15:13,서울,마포구,서강로,서울특별시 마포구 노고산동 31-123도,서울특별시 마포구 신정동 146-3도,25,74,12,매우좋음
2024-09-06,14:49,서울,마포구,만리재로,서울특별시 마포구 공덕동 237-9 도,서울특별시 마포구 공덕동 1-110 도,26,73,8,매우좋음
2024-09-06,14:23,서울,마포구,대흥로,서울특별시 마포구 대흥동 3-63도,서울특별시 마포구 용강동 495-4 제,25,71,14,매우좋음
2024-09-06,14:12,서울,마포구,백범로,서울특별시 마포구 신공덕동 148-51 도,서울특별시 마포구 노고산동 31-123도,25,70,14,매우좋음
2024-09-06,11:22,서울,마포구,마포대로,서울특별시 마포구 아현동 610-1 도,서울특별시 마포구 마포동 53제,25,67,5,매우좋음
2024-09-06,10:01,서울,마포구,신촌로,서울특별시 마포구 동교동 191-2도,서울특별시 서대문구 충정로3가 58-6 도,26,68,9,매우좋음
2024-09-06,09:55,서울,마포구,양화로,서울특별시 마포구 합정동 345-1도,서울특별시 마포구 동교동 191-2도,27,68,13,매우좋음
2024-09-06,17:03,서울,동대문구,한천로58길,서울특별시 동대문구 이문동 94-6대,서울특별시 동대문구 이문동 1-4 도,0,0,6,매우좋음
2024-09-06,16:52,서울,동대문구,망우로,서울특별시 동대문구 회기동 67-7 도,서울특별시 동대문구 휘경동 346천,0,0,8,매우좋음
2024-09-06,16:45,서울,동대문구,서울시립대로,서울특별시 동대문구 답십리동 524-1도,서울특별시 동대문구 전농동 150-84 도,25,70,22,매우좋음
2024-09-06,16:32,서울,동대문구,사가정로,서울특별시 동대문구 장안동 481-1제,서울특별시 동대문구 답십리동 524-1도,26,70,9,매우좋음
2024-09-06,16:26,서울,동대문구,장한로,서울특별시 동대문구 장안동 472-2도,서울특별시 동대문구 장안동 469-2도,25,71,20,매우좋음
2024-09-06,16:11,서울,동대문구,답십리로,서울특별시 동대문구 전농동 625-1 도,서울특별시 동대문구 장안동 7-16 천,25,71,14,매우좋음
2024-09-06,16:04,서울,동대문구,황물로,서울특별시 동대문구 답십리동 952-2도,서울특별시 동대문구 전농동 643-1 도,25,71,56,좋음
2024-09-06,15:47,서울,동대문구,전농로,서울특별시 동대문구 전농동 620-67도,서울특별시 동대문구 답십리동 524-1도,25,72,15,매우좋음
2024-09-06,15:41,서울,동대문구,제기로,서울특별시 동대문구 제기동 142-21도,서울특별시 동대문구 청량리동 35도,25,71,13,매우좋음
2024-09-06,15:27,서울,동대문구,고산자로,서울특별시 동대문구 용두동 701-6천,서울특별시 동대문구 제기동 1150-1도,26,71,41,매우좋음
2024-09-06,15:16,서울,동대문구,무학로,서울특별시 동대문구 제기동 1154도,서울특별시 동대문구 용두동 701-6천,25,73,12,매우좋음
2024-09-06,14:56,서울,동대문구,천호대로,서울특별시 동대문구 장안동 204-17 천,서울특별시 동대문구 신설동 85-1도,25,73,14,매우좋음
2024-09-06,14:46,서울,동대문구,장안벚꽃로,서울특별시 동대문구 휘경동 43-257 임,서울특별시 동대문구 장안동 472-1도,24,77,11,매우좋음
2024-09-09,14:18,서울,마포구,증산로,서울특별시 마포구 상암동 1122-3철,서울특별시 마포구 상암동 487-314제,34,51,10,매우좋음
2024-09-09,13:43,서울,종로구,진흥로,서울특별시 종로구 신영동 20-1도,서울특별시 종로구 구기동 산3-24임,32,53,15,매우좋음
2024-09-09,13:39,서울,종로구,평창문화로,서울특별시 종로구 평창동 산6-2임,서울특별시 종로구 신영동 20-1도,32,54,14,매우좋음
2024-09-09,13:24,서울,종로구,자하문로,서울특별시 종로구 적선동 8-1 도,서울특별시 종로구 홍지동 99-7 도,33,53,15,매우좋음
2024-09-09,13:20,서울,종로구,효자로,서울특별시 종로구 궁정동 15 도,서울특별시 종로구 적선동 36-2도,33,53,32,매우좋음
2024-09-09,12:54,서울,종로구,창의문로,서울특별시 종로구 효자동 136-1도,서울특별시 종로구 부암동 216-1 구,32,55,9,매우좋음
2024-09-09,12:44,서울,종로구,삼일대로,서울특별시 종로구 관철동 37-9천,서울특별시 종로구 경운동 95도,33,52,10,매우좋음
2024-09-09,12:35,서울,종로구,창경궁로,서울특별시 종로구 혜화동,서울특별시 종로구 예지동 213-1천,33,54,15,매우좋음
2024-09-09,12:29,서울,종로구,대학로,서울특별시 종로구 종로5가 82-1도,서울특별시 종로구 혜화동 56도,34,50,11,매우좋음
2024-09-09,11:03,서울,강북구,한천로,서울특별시 강북구 수유동 279-7 도,서울특별시 강북구 번동 612-3천,31,59,12,매우좋음
2024-09-09,10:50,서울,강북구,인수봉로,서울특별시 강북구 수유동 565-1도,서울특별시 강북구 미아동 1354-12 도,30,61,13,매우좋음
2024-09-09,10:40,서울,강북구,솔샘로,서울특별시 강북구 미아동 1353-13 공,서울특별시 강북구 미아동 231도,31,58,17,매우좋음
2024-09-09,10:16,서울,강북구,덕릉로,서울특별시 강북구 번동 655-7천,서울특별시 강북구 수유동 453-1도,31,60,13,매우좋음
2024-09-09,16:36,경기,안산시 단원구,시흥대로,경기도 안산시단원구 선부동 62-9도,경기도 안산시단원구 선부동 산20-2도,33,56,28,매우좋음
2024-09-09,16:23,경기,안산시 단원구,성곡로,경기도 안산시단원구 성곡동 622-1도,경기도 시흥시 거모동 1678-80도,32,57,31,매우좋음
2024-09-09,16:12,경기,안산시 단원구,능길로,경기도 안산시단원구 신길동 1440도,경기도 안산시단원구 성곡동 590도,32,57,31,매우좋음
2024-09-09,15:43,경기,안산시 단원구,중앙대로,경기도 안산시단원구 고잔동 554-2도,경기도 안산시단원구 성곡동 693도,33,54,28,매우좋음
2024-09-09,15:26,경기,안산시 상록구,샘골로,경기도 안산시상록구 본오동 1158도,경기도 안산시상록구 본오동 881-8도,34,53,25,매우좋음
2024-09-09,15:16,경기,안산시 상록구,감골로,경기도 안산시상록구 사동 1212-5도,경기도 안산시상록구 사동 1628도,33,54,23,매우좋음
2024-09-09,15:09,경기,안산시 상록구,광덕4로,경기도 안산시상록구 이동 759천,경기도 안산시상록구 사동 1212-5도,34,52,22,매우좋음
2024-09-09,15:00,경기,안산시 단원구,광덕4로,경기도 안산시단원구 초지동 793 도,경기도 안산시단원구 고잔동 831천,34,51,25,매우좋음
2024-09-09,14:35,경기,안산시 단원구,별망로,경기도 안산시단원구 성곡동 721도,경기도 안산시단원구 초지동 634도,34,53,28,매우좋음
2024-09-09,14:18,경기,안산시 단원구,시화로,경기도 안산시단원구 성곡동 695천,경기도 안산시단원구 성곡동 773도,33,53,28,매우좋음
2024-09-09,14:02,경기,안산시 단원구,첨단로,경기도 안산시단원구 초지동 660-10도,경기도 안산시단원구 성곡동 780천,32,56,25,매우좋음
2024-09-09,13:49,경기,안산시 단원구,엠티브이1로,경기도 안산시단원구 성곡동 834도,경기도 안산시단원구 목내동 534도,32,57,27,매우좋음
2024-09-09,13:36,경기,안산시 단원구,해안로,경기도 안산시단원구 초지동 795 천,경기도 안산시단원구 성곡동 619-1도,32,58,27,매우좋음
2024-09-09,13:19,경기,안산시 단원구,화정천서로,경기도 안산시단원구 와동 880도,경기도 안산시단원구 초지동 794 도,33,55,37,매우좋음
2024-09-09,12:58,경기,안산시 단원구,화정천동로,경기도 안산시단원구 고잔동 850도,경기도 안산시단원구 와동 878도,33,54,27,매우좋음
2024-09-09,12:10,경기,안산시 상록구,해안로,경기도 안산시상록구 팔곡일동 557-3도,경기도 안산시상록구 사동 1634 천,32,57,21,매우좋음
2024-09-09,11:47,경기,안산시 상록구,본오로,경기도 안산시상록구 본오동 875-6도,경기도 안산시상록구 본오동 1158도,32,57,19,매우좋음
2024-09-09,11:36,경기,안산시 상록구,반석로,경기도 안산시상록구 본오동 828-13도,경기도 안산시상록구 본오동 881도,32,58,19,매우좋음
2024-09-09,11:07,경기,안산시 상록구,충장로,경기도 안산시상록구 부곡동 739-21도,경기도 안산시상록구 본오동 1158도,31,58,19,매우좋음
2024-09-09,10:52,경기,안산시 상록구,성호로,경기도 안산시상록구 일동 634도,경기도 안산시상록구 부곡동 598도,31,59,23,매우좋음
2024-09-09,15:19,경기,여주시,강변북로,경기도 여주시 천송동 566-3도,경기도 여주시 현암동 603답,34,52,16,매우좋음
2024-09-09,15:13,경기,여주시,신륵로,경기도 여주시 천송동 30-22도,경기도 여주시 천송동 561-5도,33,53,36,매우좋음
2024-09-09,15:06,경기,여주시,여양로,경기도 여주시 홍문동 290-1도,경기도 여주시 대신면 천서리 754도,33,53,11,매우좋음
2024-09-09,14:59,경기,여주시,우암로,경기도 여주시 하동 195-1도,경기도 여주시 월송동 416도,32,58,21,매우좋음
2024-09-09,14:41,경기,여주시,세종로,경기도 여주시 점봉동 230-14도,경기도 여주시 홍문동 86도,32,56,11,매우좋음
2024-09-09,14:34,경기,여주시,명품로,경기도 여주시 상거동 465 도,경기도 여주시 점봉동 327-2도,32,59,10,매우좋음
2024-09-09,13:39,경기,광주시,광여로,경기도 광주시 곤지암읍 곤지암리 339-1 도,경기도 광주시 곤지암읍 건업리 산11-9임,33,52,14,매우좋음
2024-09-09,12:12,경기,광주시,경충대로,경기도 광주시 삼동 산92임,경기도 광주시 곤지암읍 신촌리 144도,32,57,13,매우좋음
2024-09-09,11:56,경기,광주시,경안천로,경기도 광주시 송정동 62-1 도,경기도 광주시 초월읍 무갑리 625-4 도,33,56,13,매우좋음
2024-09-09,11:50,경기,광주시,파발로,경기도 광주시 탄벌동 17-7 도,경기도 광주시 역동 28-21 천,33,54,13,매우좋음
2024-09-09,11:42,경기,광주시,회안대로,경기도 광주시 남한산성면 엄미리 산83-3임,경기도 광주시 오포읍 매산리 223-6임,32,57,13,매우좋음
2024-09-09,11:33,경기,광주시,광주대로,경기도 광주시 역동 27-46도,경기도 광주시 송정동 529도,32,57,17,매우좋음
2024-09-09,11:23,경기,광주시,경안로,경기도 광주시 경안동 129-3 도,경기도 광주시 경안동 20-60도,32,60,26,매우좋음
2024-09-09,11:16,경기,광주시,포돌이로,경기도 광주시 탄벌동 505-7 도,경기도 광주시 탄벌동 54-4천,31,62,33,매우좋음
2024-09-09,10:43,경기,광주시,태재로,경기도 광주시 오포읍 신현리 산116-2임,경기도 광주시 오포읍 능평리 59-1도,31,61,13,매우좋음
2024-09-09,15:21,경기,성남시 분당구,정자로,경기도 성남시 분당구 정자동 94-10 도,경기도 성남시 분당구 정자동 257-4도,32,84,15,매우좋음
2024-09-09,15:08,경기,성남시 분당구,내정로,경기도 성남시 분당구 수내동 69-1도,경기도 성남시 분당구 정자동 257-1도,33,83,11,매우좋음
2024-09-09,14:44,경기,성남시 분당구,불정로,경기도 성남시 분당구 정자동 94-10 도,경기도 성남시 분당구 서현동 352-2도,32,83,13,매우좋음
2024-09-09,14:27,경기,성남시 분당구,황새울로,경기도 성남시 분당구 서현동 280-1도,경기도 성남시 분당구 정자동 257-1도,33,84,51,좋음
2024-09-09,14:13,경기,성남시 분당구,서현로,경기도 성남시 분당구 분당동 78-5 도,경기도 성남시 분당구 백현동 519-1도,32,83,9,매우좋음
2024-09-09,14:03,경기,성남시 분당구,분당로,경기도 성남시 분당구 서현동 282-2도,경기도 성남시 분당구 분당동 199-1도,32,83,15,매우좋음
2024-09-09,13:55,경기,성남시 분당구,수내로,경기도 성남시 분당구 분당동 65-8도,경기도 성남시 분당구 수내동 41-1 도,32,83,11,매우좋음
2024-09-09,13:36,경기,성남시 분당구,백현로,경기도 성남시 분당구 백현동 472-11도,경기도 성남시 분당구 정자동 93-1도,32,83,10,매우좋음
2024-09-09,13:13,경기,성남시 분당구,정자일로,경기도 성남시 분당구 금곡동 199-1도,경기도 성남시 분당구 정자동 95-2도,31,83,10,매우좋음
2024-09-09,13:03,경기,성남시 분당구,미금일로,경기도 성남시 분당구 구미동 95-2도,경기도 성남시 분당구 구미동 98-1도,32,84,10,매우좋음
2024-09-09,12:58,경기,성남시 분당구,구미로173번길,경기도 성남시 분당구 구미동 303-1도,경기도 성남시 분당구 구미동 95-2도,32,84,9,매우좋음
2024-09-09,12:52,경기,성남시 분당구,구미로,경기도 성남시 분당구 구미동 197-1도,경기도 성남시 분당구 구미동 303-1도,32,84,8,매우좋음
2024-09-09,12:34,경기,성남시 분당구,금곡로,경기도 성남시 분당구 금곡동 223도,경기도 성남시 분당구 구미동 98-2도,32,83,8,매우좋음
2024-09-09,12:20,경기,성남시 분당구,미금로,경기도 성남시 분당구 구미동 303-1도,경기도 성남시 분당구 금곡동 223도,31,83,3,매우좋음
2024-09-09,12:11,경기,성남시 분당구,무지개로,경기도 성남시 분당구 구미동 303-1도,경기도 성남시 분당구 구미동 303-1도,31,83,7,매우좋음
2024-09-09,11:54,경기,성남시 분당구,탄천상로,경기도 성남시 분당구 구미동 197-2도,경기도 성남시 분당구 구미동 197-10도,31,83,5,매우좋음
2024-09-09,11:19,경기,성남시 분당구,돌마로,경기도 성남시 분당구 야탑동 210-2 도,경기도 성남시 분당구 금곡동 451-1 도,31,82,3,매우좋음
2024-09-10,15:17,경기,광명시,오리로,경기도 광명시 일직동 372-15임,경기도 광명시 광명동 776-10천,34,59,31,매우좋음
2024-09-10,14:51,경기,광명시,소하로,경기도 광명시 소하동 1356도,서울특별시 금천구 시흥동 571-4전,33,62,9,매우좋음
2024-09-10,14:35,경기,광명시,금하로,경기도 광명시 노온사동 102 천,경기도 광명시 소하동 1-1천,34,61,11,매우좋음
2024-09-10,14:27,경기,광명시,금오로,경기도 광명시 옥길동 45-2도,경기도 광명시 옥길동 340-1도,34,60,119,보통
2024-09-10,14:14,경기,광명시,광남로,경기도 광명시 노온사동 57-3도,경기도 광명시 옥길동 5도,34,60,14,매우좋음
2024-09-10,16:55,경기,안산시 단원구,광덕서로,경기도 안산시단원구 고잔동 789도,경기도 안산시단원구 고잔동 811도,33,59,9,매우좋음
2024-09-10,16:45,경기,안산시 단원구,광덕동로,경기도 안산시단원구 고잔동 827도,경기도 안산시단원구 고잔동 823도,33,58,9,매우좋음
2024-09-10,16:38,경기,안산시 단원구,한양대학로,경기도 안산시단원구 고잔동 554-2도,경기도 안산시단원구 고잔동 847천,33,58,8,매우좋음
2024-09-10,16:26,경기,안산시 단원구,광덕대로,경기도 안산시단원구 고잔동 847천,경기도 안산시단원구 고잔동 554도,33,59,8,매우좋음
2024-09-10,16:15,경기,안산시 단원구,적금로,경기도 안산시단원구 고잔동 630도,경기도 안산시단원구 고잔동 784도,33,60,10,매우좋음
2024-09-10,16:02,경기,안산시 단원구,고잔로,경기도 안산시단원구 고잔동 570-2천,경기도 안산시단원구 고잔동 544도,34,60,9,매우좋음
2024-09-10,15:43,경기,안산시 단원구,광덕2로,경기도 안산시단원구 초지동 793 도,경기도 안산시단원구 고잔동 845도,33,61,11,매우좋음
2024-09-10,15:25,경기,안산시 단원구,광덕3로,경기도 안산시단원구 고잔동 831천,경기도 안산시단원구 초지동 793 도,34,59,8,매우좋음
2024-09-10,15:22,경기,안산시 상록구,광덕3로,경기도 안산시상록구 이동 726도,경기도 안산시상록구 이동 759천,34,59,10,매우좋음
2024-09-10,15:15,경기,안산시 상록구,광덕1로,경기도 안산시상록구 이동 757천,경기도 안산시상록구 이동 726도,34,59,7,매우좋음
2024-09-10,15:04,경기,안산시 단원구,광덕1로,경기도 안산시단원구 초지동 793 도,경기도 안산시단원구 고잔동 785천,34,60,7,매우좋음
2024-09-10,15:00,경기,안산시 단원구,초지1로,경기도 안산시단원구 초지동 781도,경기도 안산시단원구 초지동 793 도,34,59,13,매우좋음
2024-09-10,14:46,경기,안산시 단원구,안산천남로,경기도 안산시단원구 고잔동 554-2도,경기도 안산시단원구 초지동 784도,34,58,7,매우좋음
2024-09-10,14:25,경기,안산시 상록구,용신로,경기도 안산시상록구 일동 705-1도,경기도 안산시상록구 사동 1270-6도,34,59,10,매우좋음
2024-09-10,14:12,경기,안산시 상록구,삼리로,경기도 안산시상록구 사동 1609도,경기도 안산시상록구 사동 1605도,34,61,12,매우좋음
2024-09-10,13:56,경기,안산시 상록구,석호로,경기도 안산시상록구 본오동 828-17도,경기도 안산시상록구 이동 725도,35,59,10,매우좋음
2024-09-10,13:26,경기,안산시 상록구,이호로,경기도 안산시상록구 본오동 995도,경기도 안산시상록구 본오동 881-77도,34,59,13,매우좋음
2024-09-10,13:19,경기,안산시 상록구,선진로,경기도 안산시상록구 사동 1628도,경기도 안산시상록구 사동 1628도,34,61,14,매우좋음
2024-09-10,13:03,경기,안산시 상록구,항가울로,경기도 안산시상록구 성포동 679-9도,경기도 안산시상록구 사동 1628도,34,59,16,매우좋음
2024-09-10,12:23,경기,안산시 단원구,화랑로,경기도 안산시단원구 원곡동 982도,경기도 안산시단원구 고잔동 570-2천,34,61,7,매우좋음
2024-09-10,12:10,경기,안산시 단원구,동산로,경기도 안산시단원구 원시동 803도,경기도 안산시단원구 선부동 1075도,33,61,5,매우좋음
2024-09-10,11:48,경기,안산시 단원구,산단로,경기도 안산시단원구 선부동 991-32 도,경기도 안산시단원구 원시동 828도,33,63,7,매우좋음
2024-09-10,11:37,경기,안산시 단원구,순환로,경기도 안산시단원구 와동 268-1도,경기도 안산시단원구 선부동 1166-3 도,32,67,19,매우좋음
2024-09-10,11:33,경기,안산시 상록구,순환로,경기도 안산시상록구 부곡동 739-25도,경기도 안산시상록구 월피동 536-47도,32,66,9,매우좋음
2024-09-10,11:23,경기,안산시 상록구,삼일로,경기도 안산시상록구 성포동 679-14천,경기도 안산시상록구 부곡동 708-1도,32,66,16,매우좋음
2024-09-10,11:04,경기,안산시 단원구,삼일로,경기도 안산시단원구 신길동 1375 도,경기도 안산시단원구 고잔동 570-2천,32,66,16,매우좋음
2024-09-10,14:16,경기,군포시,엘에스로,경기도 안양시동안구 호계동 1020-1도,경기도 군포시 산본동 1037 도,34,55,61,좋음
2024-09-10,14:05,경기,군포시,공단로,경기도 군포시 당정동 908-10천,경기도 군포시 산본동 1037 도,34,55,31,매우좋음
2024-09-10,13:52,경기,군포시,광정로,경기도 군포시 산본동 1223도,경기도 군포시 금정동 897도,33,57,11,매우좋음
2024-09-10,13:37,경기,군포시,산본천로,경기도 군포시 산본동 1228도,경기도 군포시 산본동 52도,33,55,8,매우좋음
2024-09-10,13:29,경기,군포시,금당로,경기도 군포시 금정동 891도,경기도 군포시 당동 산44-9도,33,54,19,매우좋음
2024-09-10,13:21,경기,군포시,오금로,경기도 군포시 금정동 902도,경기도 군포시 금정동 891도,33,54,10,매우좋음
2024-09-10,13:13,경기,군포시,번영로,경기도 군포시 금정동 820도,경기도 군포시 부곡동 1165 도,34,54,12,매우좋음
2024-09-10,13:07,경기,군포시,금산로,경기도 군포시 산본동 300 도,경기도 군포시 금정동 810도,34,55,28,매우좋음
2024-09-10,12:50,경기,군포시,산본로,경기도 군포시 당정동 907-5도,경기도 군포시 산본동 1057도,34,53,18,매우좋음
2024-09-10,12:45,경기,군포시,공단로140번길,경기도 군포시 당정동 174-13 장,경기도 군포시 당동 23-2 천,33,55,52,좋음
2024-09-10,12:20,경기,군포시,고산로,경기도 군포시 산본동 1037 도,경기도 군포시 당정동 383-9대,33,55,11,매우좋음
2024-09-10,12:08,경기,군포시,군포로,경기도 군포시 대야미동 607-16도,경기도 군포시 산본동 52도,33,54,17,매우좋음
2024-09-10,11:40,경기,군포시,삼성로,경기도 군포시 부곡동 1206도,경기도 군포시 당동 628-1도,33,57,7,매우좋음
2024-09-10,11:26,경기,군포시,호수로,경기도 군포시 둔대동 산109-3 임,경기도 군포시 대야미동 10-1도,32,59,250,매우나쁨
2024-09-10,10:58,경기,군포시,송부로,경기도 군포시 부곡동 1145-1 도,경기도 군포시 도마교동 200-5도,32,60,16,매우좋음
2024-09-10,14:57,경기,양주시,일영로,경기도 양주시 장흥면 일영리 313-5도,경기도 양주시 장흥면 삼하리 산90-34임,33,57,99,좋음
2024-09-10,14:29,경기,양주시,북한산로,경기도 양주시 장흥면 교현리 130-10도,경기도 양주시 장흥면 교현리 403-1도,33,56,10,매우좋음
2024-09-10,14:24,경기,양주시,호국로,경기도 양주시 장흥면 울대리 산45-2 도,경기도 양주시 장흥면 일영리 산78-6 도,32,58,9,매우좋음
2024-09-10,13:59,경기,양주시,중앙로,경기도 양주시 백석읍 오산리 653-12 구,경기도 양주시 백석읍 방성리 538-1도,32,57,12,매우좋음
2024-09-10,13:48,경기,양주시,고릉말로,경기도 양주시 백석읍 방성리 101-1도,경기도 양주시 백석읍 오산리 20-4전,33,56,69,좋음
2024-09-10,13:37,경기,양주시,백은로,경기도 양주시 백석읍 연곡리 19-16 도,경기도 양주시 은현면 운암리 495-20도,33,55,19,매우좋음
2024-09-10,13:33,경기,양주시,광적로,경기도 양주시 광적면 덕도리 산 132-1 도,경기도 양주시 광적면 가납리 679-6 도,33,56,14,매우좋음
2024-09-10,13:13,경기,양주시,감악산로,경기도 양주시 남면 신암리 산 90-4 도,경기도 양주시 남면 상수리 312-4 도,33,57,9,매우좋음
2024-09-10,13:02,경기,양주시,삼육사로,경기도 양주시 은현면 봉암리 196-8 도,경기도 양주시 남면 구암리 40-5 도,33,56,11,매우좋음
2024-09-10,11:44,경기,가평군,경춘로,경기도 가평군 가평읍 읍내리,경기도 남양주시 화도읍 구암리 277-1천,32,59,8,매우좋음
2024-09-10,11:34,경기,가평군,경춘로,경기도 가평군 가평읍 읍내리,경기도 남양주시 화도읍 구암리 277-1천,32,60,87,좋음
2024-09-10,11:24,경기,가평군,석봉로,경기도 가평군 가평읍 읍내리 766-6도,경기도 가평군 가평읍 하색리 7-1도,32,59,21,매우좋음
2024-09-10,15:33,경기,성남시 중원구,공원로,경기도 성남시 수정구 복정동 54-4도,경기도 성남시 중원구 도촌동 412-8도,34,53,37,매우좋음
2024-09-10,15:25,경기,성남시 수정구,제일로,경기도 성남시 수정구 수진동 2677-1도,경기도 성남시 수정구 태평동 1 도,35,52,25,매우좋음
2024-09-10,15:22,경기,성남시 중원구,제일로,경기도 성남시 중원구 하대원동 456-4구,경기도 성남시 중원구 성남동,35,51,15,매우좋음
2024-09-10,15:13,경기,성남시 중원구,시민로,경기도 성남시 중원구 성남동 1315도,경기도 성남시 중원구 하대원동 282도,35,51,14,매우좋음
2024-09-10,15:02,경기,성남시 중원구,광명로,경기도 성남시 중원구 금광동 2470-6도,경기도 성남시 중원구 성남동 1575도,34,52,15,매우좋음
2024-09-10,14:39,경기,성남시 중원구,산성대로,경기도 성남시 중원구 성남동 1750전,경기도 성남시 수정구 양지동 920도,35,49,11,매우좋음
2024-09-10,14:23,경기,성남시 중원구,둔촌대로,경기도 성남시 중원구 상대원동 425-7도,경기도 성남시 중원구 성남동 1766천,35,50,14,매우좋음
2024-09-10,14:14,경기,성남시 중원구,사기막골로,경기도 성남시 중원구 상대원동 1627도,경기도 성남시 중원구 상대원동 39-36천,34,52,13,매우좋음
2024-09-10,14:05,경기,성남시 중원구,순환로,경기도 성남시 중원구 은행동 531도,경기도 성남시 중원구 갈현동 61-1도,33,55,9,매우좋음
2024-09-10,12:52,경기,성남시 수정구,수정로,경기도 성남시 수정구 태평동 7286-2답,경기도 성남시 수정구 양지동 877도,34,54,15,매우좋음
2024-09-10,12:40,경기,성남시 수정구,탄천로,경기도 성남시 수정구 복정동 446-4도,경기도 성남시 수정구 사송동 274-11천,33,55,9,매우좋음
2024-09-10,12:28,경기,성남시 수정구,헌릉로,경기도 성남시 수정구 산성동 2221-1 구,경기도 성남시 수정구 복정동 223-8 구,32,59,18,매우좋음
2024-09-10,12:12,경기,성남시 중원구,희망로,경기도 성남시 중원구 도촌동 425-3도,경기도 성남시 수정구 산성동 2222도,33,57,8,매우좋음
2024-09-10,11:53,경기,성남시 중원구,도촌남로,경기도 성남시 중원구 도촌동 412-8도,경기도 성남시 중원구 도촌동 754천,32,59,7,매우좋음
2024-09-10,11:46,경기,성남시 중원구,돌마로,경기도 성남시 중원구 하대원동 411-5도,경기도 성남시 중원구 도촌동 426-1도,32,59,7,매우좋음
2024-09-10,11:37,경기,성남시 중원구,성남대로,경기도 성남시 중원구 성남동 1576도,경기도 성남시 중원구 여수동 306-7도,33,55,8,매우좋음
2024-09-10,11:26,경기,성남시 수정구,성남대로,서울특별시 송파구 장지동 596-21도,경기도 성남시 중원구 성남동 1503도,33,57,16,매우좋음
2024-09-10,10:59,경기,성남시 수정구,대왕판교로,경기도 성남시 수정구 금토동 273-39 도,경기도 성남시 수정구 신촌동 143-4천,33,56,12,매우좋음
2024-09-10,10:51,경기,성남시 수정구,여수대로,경기도 성남시 중원구 여수동 277-2도,경기도 성남시 수정구 시흥동 208-3전,32,58,29,매우좋음
2024-09-11,14:42,경기,동두천시,삼육사로,경기도 동두천시 상패동 1081-10 잡,경기도 동두천시 탑동동 산40 임,35,55,29,매우좋음
2024-09-11,14:29,경기,동두천시,상패로,경기도 동두천시 보산동 441-3 도,경기도 동두천시 상패동 114-3 도,34,56,42,매우좋음
2024-09-11,14:17,경기,동두천시,장고갯로,경기도 동두천시 생연동 365-6 도,경기도 동두천시 보산동 438-34 전,34,58,12,매우좋음
2024-09-11,14:04,경기,동두천시,동두천로,경기도 동두천시 생연동 567-30 도,경기도 동두천시 송내동 698-22 도,35,50,12,매우좋음
2024-09-11,13:53,경기,동두천시,중앙로,경기도 동두천시 송내동 698-21 도,경기도 동두천시 생연동 산 13-4 임,35,51,30,매우좋음
2024-09-11,13:49,경기,동두천시,동우로,경기도 동두천시 송내동 산 32-1 임,경기도 동두천시 송내동 341-6 도,35,49,185,나쁨
2024-09-11,13:37,경기,동두천시,지행로,경기도 동두천시 지행동 697 도,경기도 동두천시 지행동 77-1 전,34,51,14,매우좋음
2024-09-11,13:32,경기,동두천시,이담로,경기도 동두천시 지행동 160-3 도,경기도 동두천시 지행동 725-7 도,35,49,21,매우좋음
2024-09-11,13:28,경기,동두천시,행선로,경기도 동두천시 생연동 396-2 도,경기도 동두천시 지행동 384 도,35,49,19,매우좋음
2024-09-11,13:10,경기,동두천시,정장로,경기도 동두천시 생연동 820-1 도,경기도 동두천시 생연동 224-5 도,35,50,122,보통
2024-09-11,12:38,경기,동두천시,강변로,경기도 동두천시 송내동 467-4 도,경기도 동두천시 하봉암동 327-38 장,35,53,11,매우좋음
2024-09-11,12:12,경기,동두천시,평화로,경기도 동두천시 하봉암동 157-11 도,경기도 양주시 봉양동 801-3답,34,55,8,매우좋음
2024-09-11,12:04,경기,연천군,평화로,경기도 연천군 신서면 대광리 1318-53도,경기도 연천군 청산면 초성리 산 90-4도,34,56,10,매우좋음
2024-09-11,11:54,경기,연천군,평화로,경기도 연천군 신서면 대광리 1318-53도,경기도 연천군 청산면 초성리 산 90-4도,34,57,32,매우좋음
2024-09-11,11:38,경기,연천군,동서로,포천시 영중면 양문리 696-3,파주시 적성면 구읍리 25-12,32,64,7,매우좋음
2024-09-11,11:27,경기,연천군,전영로,경기도 연천군 전곡읍 은대리 546-2도,경기도 연천군 청산면 백의리 산80-1천,32,66,33,매우좋음
2024-09-11,11:10,경기,연천군,평화로,경기도 연천군 신서면 대광리 1318-53도,경기도 연천군 청산면 초성리 산 90-4도,32,67,30,매우좋음
2024-09-11,15:14,경기,안산시 단원구,지곡로,경기도 안산시단원구 선부동 1158-12도,경기도 안산시단원구 원곡동 993-1도,30,75,14,매우좋음
2024-09-11,15:08,경기,안산시 단원구,석수로,경기도 안산시단원구 선부동 1166 도,경기도 안산시단원구 선부동 1158-12도,29,77,28,매우좋음
2024-09-11,15:03,경기,안산시 단원구,달미로,경기도 안산시단원구 선부동 1158-12도,경기도 안산시단원구 선부동 1166-2 도,29,78,28,매우좋음
2024-09-11,14:54,경기,안산시 단원구,와동공원로,경기도 안산시단원구 와동 863도,경기도 안산시단원구 선부동 1158-12도,29,79,38,매우좋음
2024-09-11,14:37,경기,안산시 단원구,선부로,경기도 안산시단원구 선부동 1158-7도,경기도 안산시단원구 와동 268-1도,30,74,30,매우좋음
2024-09-11,14:25,경기,안산시 단원구,원선1로,경기도 안산시단원구 선부동 955도,경기도 안산시단원구 원곡동 993-7도,30,74,18,매우좋음
2024-09-11,14:19,경기,안산시 단원구,선부광장남로,경기도 안산시단원구 원곡동 940도,경기도 안산시단원구 선부동 1158-22도,31,72,37,매우좋음
2024-09-11,14:07,경기,안산시 단원구,선부광장1로,경기도 안산시단원구 선부동 1158도,경기도 안산시단원구 선부동 1158도,32,68,17,매우좋음
2024-09-11,14:04,경기,안산시 단원구,선부광장로,경기도 안산시단원구 선부동 1075도,경기도 안산시단원구 선부동 1075도,32,69,18,매우좋음
2024-09-11,13:56,경기,안산시 단원구,원선로,경기도 안산시단원구 원곡동 993-7도,경기도 안산시단원구 선부동 955도,32,70,25,매우좋음
2024-09-11,13:43,경기,안산시 단원구,초지로,경기도 안산시단원구 초지동 794 도,경기도 안산시단원구 초지동 602-2도,31,72,18,매우좋음
2024-09-11,13:35,경기,안산시 단원구,신안산대학로,경기도 안산시단원구 초지동 663-10도,경기도 안산시단원구 초지동 660-27 도,32,70,30,매우좋음
2024-09-11,13:32,경기,안산시 단원구,연수원로,경기도 안산시단원구 원곡동 993-7도,경기도 안산시단원구 원시동 804도,33,66,23,매우좋음
2024-09-11,13:30,경기,안산시 단원구,풍전로,경기도 안산시단원구 원시동 803도,경기도 안산시단원구 원곡동 935-1도,33,64,15,매우좋음
2024-09-11,12:58,경기,안산시 단원구,와동로,경기도 안산시단원구 고잔동 630도,경기도 안산시단원구 와동 268도,33,62,9,매우좋음
2024-09-11,12:49,경기,안산시 단원구,당곡로,경기도 안산시단원구 고잔동 554-2도,경기도 안산시단원구 고잔동 678도,34,57,23,매우좋음
2024-09-11,12:38,경기,안산시 단원구,예술대학로,경기도 안산시단원구 고잔동 643-20도,경기도 안산시단원구 고잔동 554-2도,34,56,9,매우좋음
2024-09-11,12:26,경기,안산시 상록구,안산천서로,경기도 안산시상록구 월피동 536-44도,경기도 안산시상록구 월피동 536-44도,35,55,11,매우좋음
2024-09-11,12:22,경기,안산시 단원구,안산천서로,경기도 안산시단원구 고잔동 554-2도,경기도 안산시단원구 고잔동 570-1도,34,57,10,매우좋음
2024-09-11,12:14,경기,안산시 상록구,안산천동로,경기도 안산시상록구 월피동 536도,경기도 안산시상록구 이동 614-26도,34,57,21,매우좋음
2024-09-11,12:06,경기,안산시 상록구,월피로,경기도 안산시상록구 월피동 536-46도,경기도 안산시상록구 월피동 536-1도,35,55,11,매우좋음
2024-09-11,11:17,경기,안산시 상록구,예술광장1로,경기도 안산시상록구 성포동 679-11도,경기도 안산시상록구 성포동 679-11도,34,61,21,매우좋음
2024-09-11,11:03,경기,안산시 상록구,도매시장로,경기도 안산시상록구 일동 602-37도,경기도 안산시상록구 이동 568도,34,62,61,좋음
2024-09-11,10:50,경기,안산시 상록구,안산대학로,경기도 안산시상록구 본오동 875-2도,경기도 안산시상록구 일동 634도,33,63,12,매우좋음
2024-09-11,10:37,경기,안산시 상록구,오목로,경기도 안산시상록구 본오동 828-13도,경기도 안산시상록구 본오동 995도,34,62,14,매우좋음
2024-09-11,10:33,경기,안산시 상록구,각골로,경기도 안산시상록구 본오동 1145-19도,경기도 안산시상록구 본오동 1171 도,33,64,5,매우좋음
2024-09-11,10:27,경기,안산시 상록구,반월로,경기도 안산시상록구 건건동 335-7전,경기도 안산시상록구 건건동 931-2도,33,66,15,매우좋음
2024-09-11,15:02,경기,양주시,원학로,경기도 양주시 광사동 산130-9도,경기도 양주시 마전동 412-1 도,33,57,12,매우좋음
2024-09-11,14:52,경기,양주시,송랑로,경기도 양주시 삼숭동 672-10 도,경기도 양주시 만송동 500-3 도,36,45,7,매우좋음
2024-09-11,14:41,경기,양주시,고읍남로,경기도 양주시 광사동 723도,경기도 양주시 광사동 723도,35,46,71,좋음
2024-09-11,14:36,경기,양주시,고읍북로,경기도 양주시 만송동 717도,경기도 양주시 만송동 714도,35,45,10,매우좋음
2024-09-11,14:29,경기,양주시,고읍로,경기도 양주시 고읍동 118-2도,경기도 양주시 만송동 343-1 도,36,45,9,매우좋음
2024-09-11,14:14,경기,양주시,고덕로,경기도 양주시 덕계동 384-3도,경기도 양주시 고읍동 462-5도,34,50,15,매우좋음
2024-09-11,13:52,경기,양주시,회천남로,경기도 양주시 옥정동 1084-4도,경기도 양주시 옥정동 820-7 답,35,46,11,매우좋음
2024-09-11,13:41,경기,양주시,회천로,경기도 양주시 율정동 410-1 도,경기도 양주시 고암동 549-2답,34,48,10,매우좋음
2024-09-11,13:26,경기,양주시,옥정서로,경기도 양주시 옥정동 867-119창,경기도 양주시 옥정동 1049-8도,35,47,14,매우좋음
2024-09-11,13:08,경기,양주시,옥정동로,경기도 양주시 옥정동 1094도,경기도 양주시 옥정동 864-1643도,35,47,15,매우좋음
2024-09-11,12:55,경기,양주시,독바위로,경기도 양주시 덕정동 211도,경기도 양주시 옥정동 941-8도,34,49,23,매우좋음
2024-09-11,12:46,경기,양주시,고암길,경기도 양주시 고암동 579 도,경기도 양주시 고암동 119-2도,35,47,13,매우좋음
2024-09-11,11:50,경기,양주시,회정로,경기도 양주시 회정동 203-1천,경기도 양주시 고암동 119도,34,50,33,매우좋음
2024-09-11,11:30,경기,양주시,화합로,경기도 양주시 회암동 산10-3도,경기도 양주시 광적면 효촌리 산52-1임,34,52,7,매우좋음
2024-09-11,11:19,경기,양주시,율정로,경기도 양주시 삼숭동 134-12답,경기도 양주시 율정동 312-18 도,33,52,12,매우좋음
2024-09-11,11:01,경기,양주시,부흥로,경기도 양주시 광적면 비암리 산119-3도,경기도 양주시 삼숭동 산30-11임,33,54,16,매우좋음
2024-09-11,10:57,경기,양주시,동일로,경기도 양주시 마전동 456-8 도,경기도 양주시 마전동 118-23도,33,55,149,보통
2024-09-11,10:31,경기,양주시,평화로,경기도 동두천시 송내동 466-1 천,경기도 양주시 남방동 198-6도,33,55,19,매우좋음
2024-09-11,15:57,경기,성남시 분당구,동판교로,경기도 성남시 분당구 삼평동 709-1도,경기도 성남시 분당구 백현동 556-3도,32,64,10,매우좋음
2024-09-11,15:38,경기,성남시 분당구,장미로,경기도 성남시 분당구 야탑동 485-4도,경기도 성남시 분당구 야탑동 197-1도,31,65,12,매우좋음
2024-09-11,15:29,경기,성남시 분당구,매화로,경기도 성남시 분당구 야탑동 327-1도,경기도 성남시 분당구 야탑동 198-1도,31,64,10,매우좋음
2024-09-11,15:23,경기,성남시 분당구,여수울로,경기도 성남시 중원구 여수동 518-8도,경기도 성남시 중원구 여수동 292-19도,31,65,15,매우좋음
2024-09-11,14:59,경기,성남시 분당구,양현로,경기도 성남시 분당구 서현동 280-4도,경기도 성남시 분당구 야탑동 489-2 도,31,64,9,매우좋음
2024-09-11,14:45,경기,성남시 분당구,판교역로,경기도 성남시 분당구 삼평동 688-3도,경기도 성남시 분당구 백현동 582-12도,32,64,10,매우좋음
2024-09-11,14:38,경기,성남시 분당구,서판교로,경기도 성남시 분당구 판교동 639-2도,경기도 성남시 분당구 판교동 492-2도,31,66,11,매우좋음
2024-09-11,14:23,경기,성남시 분당구,운중로,경기도 성남시 분당구 운중동 903도,경기도 성남시 분당구 판교동 583-2도,32,63,11,매우좋음
2024-09-11,12:37,경기,성남시 분당구,판교로,경기도 성남시 분당구 야탑동 산57묘,경기도 성남시 분당구 하산운동 281-4 도,35,51,8,매우좋음
2024-09-11,12:20,경기,성남시 분당구,야탑로,경기도 성남시 분당구 야탑동 485-2도,경기도 성남시 분당구 야탑동 197-7도,34,52,9,매우좋음
2024-09-11,12:08,경기,성남시 분당구,탄천로,경기도 성남시 분당구 야탑동 485-3도,경기도 성남시 분당구 이매동 153-2도,35,50,8,매우좋음
2024-09-11,11:35,경기,성남시 분당구,대왕판교로,경기도 성남시 분당구 동원동 44-2도,경기도 성남시 분당구 삼평동 376-4도,35,52,9,매우좋음
2024-09-11,10:56,경기,성남시 분당구,성남대로,경기도 성남시 분당구 야탑동 487-1도,경기도 성남시 분당구 구미동 197-1도,34,54,10,매우좋음
2024-09-23,14:46,경기,오산시,수청로,경기도 오산시 수청동 604도,경기도 오산시 금암동 481구,26,50,7,매우좋음
2024-09-23,14:36,경기,오산시,내삼미로,경기도 오산시 내삼미동 902도,경기도 오산시 수청동 75도,26,51,7,매우좋음
2024-09-23,14:25,경기,오산시,오산대역로,경기도 오산시 금암동 298도,경기도 오산시 내삼미동 902도,26,52,6,매우좋음
2024-09-23,14:12,경기,오산시,수목원로,경기도 오산시 탑동 88-6도,경기도 오산시 세교동 628도,26,51,7,매우좋음
2024-09-23,14:05,경기,오산시,궐리사로,경기도 오산시 궐동 715 도,경기도 오산시 궐동 711 도,27,49,6,매우좋음
2024-09-23,13:50,경기,오산시,오산로,경기도 오산시 갈곶동 196-1도,경기도 오산시 수청동 111-12도,26,51,19,매우좋음
2024-09-23,13:29,경기,오산시,경기대로,경기도 오산시 세교동 160-11도,경기도 오산시 갈곶동 233도,26,51,9,매우좋음
2024-09-23,13:22,경기,오산시,문시로,경기도 오산시 외삼미동 산 32-2도,경기도 오산시 외삼미동 638도,26,51,9,매우좋음
2024-09-23,13:12,경기,오산시,북삼미로,경기도 오산시 내삼미동 902도,경기도 오산시 외삼미동 138-1도,25,53,3,매우좋음
2024-09-23,13:01,경기,오산시,청학로,경기도 오산시 가수동 289-12 도,경기도 오산시 내삼미동 901도,26,52,5,매우좋음
2024-09-23,12:50,경기,오산시,경기동로,경기도 오산시 부산동 1-2 도,경기도 오산시 오산동 62-2도,26,53,11,매우좋음
2024-09-23,12:43,경기,오산시,운암로,경기도 오산시 원동 819도,경기도 오산시 오산동 926도,25,54,12,매우좋음
2024-09-23,11:47,경기,오산시,성호대로,경기도 오산시 가수동 289-12 도,경기도 오산시 부산동 736답,24,56,10,매우좋음
2024-09-23,11:38,경기,오산시,가장로,경기도 오산시 가장동 산 70-2도,경기도 오산시 가수동 289-12 도,24,56,16,매우좋음
2024-09-23,11:15,경기,오산시,남부대로,경기도 오산시 고현동 194도,경기도 오산시 벌음동 138-2도,24,56,10,매우좋음
2024-09-23,10:54,경기,오산시,동부대로,경기도 오산시 부산동 209-5 도,경기도 오산시 갈곶동 398-4 구,24,57,11,매우좋음
2024-09-23,14:33,서울,성북구,인촌로,서울특별시 성북구 보문동1가 127-1 도,서울특별시 성북구 안암동5가 1-10도,26,41,19,매우좋음
2024-09-23,14:22,서울,성북구,보문로,서울특별시 성북구 보문동7가 119-1도,서울특별시 성북구 동소문동5가 50-25도,26,41,5,매우좋음
2024-09-23,14:17,서울,성북구,안암로,서울특별시 성북구 종암동 29-18도,서울특별시 동대문구 신설동 397-2 도,26,42,6,매우좋음
2024-09-23,14:07,서울,성북구,오패산로,서울특별시 강북구 미아동 1318-1 도,서울특별시 성북구 하월곡동 67-122천,26,42,7,매우좋음
2024-09-23,13:59,서울,성북구,종암로,서울특별시 성북구 종암동 29-18도,서울특별시 성북구 하월곡동 200도,26,41,7,매우좋음
2024-09-23,13:32,서울,성북구,돌곶이로,서울특별시 성북구 장위동 310-22 도,서울특별시 성북구 석관동 332-5도,26,42,14,매우좋음
2024-09-23,12:54,서울,성북구,월계로,서울특별시 성북구 하월곡동 200도,서울특별시 강북구 번동 31 도,25,43,9,매우좋음
2024-09-23,12:42,서울,성북구,동소문로,서울특별시 성북구 성북동1가 50-3도,서울특별시 성북구 길음동 14-1도,25,43,6,매우좋음
2024-09-23,12:26,서울,성북구,성북로,서울특별시 성북구 성북동1가 50-3도,서울특별시 성북구 성북동 330-125 도,25,41,4,매우좋음
2024-09-23,12:16,서울,성북구,아리랑로,서울특별시 성북구 정릉동 153-1천,서울특별시 성북구 동소문동6가 116-6 도,25,43,12,매우좋음
2024-09-23,12:07,서울,성북구,보국문로,서울특별시 성북구 정릉동 산1-1임,서울특별시 성북구 정릉동 966-1천,24,45,7,매우좋음
2024-09-23,11:51,서울,성북구,솔샘로,서울특별시 성북구 정릉동 산87-302임,서울특별시 성북구 정릉동 239-23 도,23,47,9,매우좋음
2024-09-23,11:40,서울,성북구,정릉로,서울특별시 성북구 하월곡동 104-134 천,서울특별시 성북구 정릉동 산87-1 임,23,47,9,매우좋음
2024-09-23,11:11,서울,성북구,화랑로,서울특별시 성북구 석관동 375천,서울특별시 성북구 장위동 2-2도,23,48,10,매우좋음
2024-09-23,10:54,서울,성북구,한천로,서울특별시 성북구 장위동 311-42 천,서울특별시 성북구 석관동 43-1도,23,48,16,매우좋음
2024-09-23,16:17,경기,파주시,평화로,경기도 파주시 탄현면 성동리 625도,경기도 파주시 금촌동 962-22도,25,46,9,매우좋음
2024-09-23,16:11,경기,파주시,얼음실로,경기도 파주시 탄현면 법흥리 1643도,경기도 파주시 탄현면 법흥리 1647도,24,49,14,매우좋음
2024-09-23,16:05,경기,파주시,성동로,경기도 파주시 탄현면 법흥리 1782도,경기도 파주시 탄현면 성동리 642도,25,47,34,매우좋음
2024-09-23,15:58,경기,파주시,법흥로,경기도 파주시 탄현면 법흥리 1603도,경기도 파주시 탄현면 법흥리 1648도,25,45,16,매우좋음
2024-09-23,15:54,경기,파주시,약산로,경기도 파주시 탄현면 법흥리 1603도,경기도 파주시 탄현면 법흥리 1603도,25,45,7,매우좋음
2024-09-23,15:19,경기,파주시,필승로,경기도 파주시 탄현면 성동리 639도,경기도 파주시 탄현면 법흥리 1647도,25,47,11,매우좋음
2024-09-23,15:10,경기,파주시,헤이리로,경기도 파주시 탄현면 금산리 35-1도,경기도 파주시 탄현면 성동리 639도,25,47,38,매우좋음
2024-09-23,14:56,경기,파주시,엘지로,경기도 파주시 월롱면 위전리 325-1도,경기도 파주시 탄현면 낙하리 321도,25,46,8,매우좋음
2024-09-23,14:48,경기,파주시,엘씨디로,경기도 파주시 월롱면 덕은리 772-41 도,경기도 파주시 월롱면 덕은리 535-11 도,25,47,11,매우좋음
2024-09-23,14:40,경기,파주시,서영로,경기도 파주시 문산읍 내포리 1623 도,경기도 파주시 월롱면 덕은리 772-41 도,25,46,13,매우좋음
2024-09-23,14:26,경기,파주시,당동2로,경기도 파주시 문산읍 당동리 934 도,경기도 파주시 문산읍 당동리 500-9 도,25,46,18,매우좋음
2024-09-23,14:14,경기,파주시,우계로,경기도 파주시 파주읍 파주리 552-3구,경기도 파주시 문산읍 선유리 966-40답,26,45,13,매우좋음
2024-09-23,14:09,경기,파주시,돈유로,경기도 파주시 문산읍 선유리 1384 도,경기도 파주시 파주읍 향양리 634-4 도,25,46,11,매우좋음
2024-09-23,14:04,경기,파주시,돈유2로,경기도 파주시 문산읍 선유리 1385 도,경기도 파주시 문산읍 선유리 1381 도,25,45,17,매우좋음
2024-09-23,14:03,경기,파주시,돈유3로,경기도 파주시 문산읍 선유리 1381 도,경기도 파주시 문산읍 선유리 1373-14 장,25,46,16,매우좋음
2024-09-23,13:58,경기,파주시,충현로,경기도 파주시 파주읍 봉서리 353-2도,경기도 파주시 문산읍 선유리 478-2잡,25,46,5,매우좋음
2024-09-23,13:01,경기,파주시,새꽃로,경기도 파주시 금촌동 978-37도,경기도 파주시 월롱면 영태리 503-5도,25,45,13,매우좋음
2024-09-23,12:43,경기,파주시,시청로,경기도 파주시 금촌동 962-22도,경기도 파주시 야동동 96-8도,25,46,6,매우좋음
2024-09-23,12:36,경기,파주시,쇠재로,경기도 파주시 금촌동 978-35도,경기도 파주시 금촌동 978-22도,24,46,6,매우좋음
2024-09-23,12:29,경기,파주시,가나무로,경기도 파주시 금릉동 211-1도,경기도 파주시 금촌동 978-1도,25,45,8,매우좋음
2024-09-23,12:26,경기,파주시,학령로,경기도 파주시 아동동 51-10도,경기도 파주시 금릉동 176-4도,25,46,10,매우좋음
2024-09-23,12:08,경기,파주시,중앙로,경기도 파주시 금촌동 329-10대,경기도 파주시 조리읍 등원리 294-6도,25,46,9,매우좋음
2024-09-23,11:59,경기,파주시,금릉역로,경기도 파주시 상지석동 1097 도,경기도 파주시 금촌동 496-12 도,24,47,5,매우좋음
2024-09-23,11:37,경기,파주시,와석순환로,경기도 파주시 와동동 1421도,경기도 파주시 야당동 998도,24,49,10,매우좋음
2024-09-23,11:27,경기,파주시,심학산로,경기도 파주시 문발동 541-3 도,경기도 파주시 와동동 1421도,23,51,6,매우좋음
2024-09-23,11:00,경기,파주시,책향기로,경기도 파주시 와동동 1421도,경기도 파주시 동패동 386-8전,23,51,10,매우좋음
2024-09-23,10:57,경기,파주시,가람로116번길,경기도 파주시 와동동 1524도,경기도 파주시 와동동 1486도,22,53,8,매우좋음
2024-09-23,10:54,경기,파주시,가람로,경기도 파주시 와동동 1555도,경기도 파주시 와동동 803도,22,53,7,매우좋음
2024-09-23,10:43,경기,파주시,미래로,경기도 파주시 동패동 22-3 도,경기도 파주시 당하동 650-1 도,22,52,11,매우좋음
2024-09-23,10:25,경기,파주시,경의로,경기도 파주시 아동동 299-16 도,경기도 고양시일산서구 덕이동 319-5도,23,51,8,매우좋음
2024-09-23,10:13,경기,파주시,파주로,경기도 파주시 문발동 211-5 도,경기도 파주시 법원읍 오현리 산25-1임,21,56,7,매우좋음
2024-09-23,09:54,경기,파주시,청석로,경기도 파주시 다율동 349-7임,경기도 파주시 동패동 1345-3 도,21,56,17,매우좋음
2024-09-23,09:38,경기,파주시,숲속노을로,경기도 파주시 동패동 606-4 도,경기도 파주시 문발동 623도,20,59,23,매우좋음
2024-09-24,14:53,인천,부평구,주부토로,인천광역시 부평구 부평동 224-1도,인천광역시 부평구 갈산동 423도,27,39,22,매우좋음
2024-09-24,14:36,인천,부평구,원적로,인천광역시 부평구 산곡동 산98-24도,인천광역시 부평구 부평동 431-40도,26,39,12,매우좋음
2024-09-24,14:19,인천,부평구,길주로,인천광역시 부평구 삼산동 466도,인천광역시 부평구 산곡동 산98-27임,28,38,12,매우좋음
2024-09-24,14:14,인천,부평구,부개로,인천광역시 부평구 부개동 509도,인천광역시 부평구 부개동 503도,26,40,9,매우좋음
2024-09-24,14:04,인천,부평구,부흥로,인천광역시 부평구 산곡동 산65-1임,인천광역시 부평구 부개동 510도,26,39,25,매우좋음
2024-09-24,13:56,인천,부평구,대정로,인천광역시 부평구 부평동 224-1도,인천광역시 부평구 부평동 224-1도,26,39,16,매우좋음
2024-09-24,13:48,인천,부평구,부일로,인천광역시 부평구 부개동 495도,인천광역시 부평구 부평동 224-1도,27,40,11,매우좋음
2024-09-24,13:27,인천,부평구,부평대로,인천광역시 부평구 갈산동 423도,인천광역시 부평구 부평동 224-1도,27,38,15,매우좋음
2024-09-24,13:05,인천,부평구,장제로,인천광역시 부평구 부평동 650-25 도,인천광역시 부평구 갈산동 447도,26,40,26,매우좋음
2024-09-24,12:35,인천,부평구,경원대로,인천광역시 부평구 십정동 542-27구,인천광역시 부평구 부평동 224-1도,26,42,11,매우좋음
2024-09-24,12:20,인천,부평구,백범로,인천광역시 부평구 십정동 526-7도,인천광역시 부평구 십정동 335도,26,41,10,매우좋음
2024-09-24,12:16,인천,부평구,열우물로,인천광역시 부평구 십정동 335도,인천광역시 부평구 십정동 531-3도,26,42,6,매우좋음
2024-09-24,12:08,인천,부평구,아트센터로,인천광역시 부평구 십정동 546-3도,인천광역시 부평구 십정동 186-544도,25,45,14,매우좋음
2024-09-24,11:52,인천,부평구,부영로,인천광역시 부평구 산곡동 281-30도,인천광역시 부평구 부평동 686도,25,44,9,매우좋음
2024-09-24,11:34,인천,부평구,안남로,인천광역시 부평구 청천동 372도,인천광역시 부평구 부평동 686도,25,44,7,매우좋음
2024-09-24,10:48,인천,부평구,마장로,인천광역시 부평구 십정동 596도,인천광역시 부평구 청천동 372도,24,47,11,매우좋음
2024-09-24,10:36,인천,부평구,경인로,인천광역시 부평구 구산동 12-7도,인천광역시 부평구 십정동 592도,24,48,18,매우좋음
2024-09-24,10:21,인천,부평구,무네미로,인천광역시 부평구 구산동 12-7도,인천광역시 부평구 구산동 346-2 도,23,51,8,매우좋음
2024-09-24,10:16,인천,부평구,항동로,인천광역시 부평구 부개동 378도,인천광역시 부평구 일신동 398-19 도,23,50,8,매우좋음
2024-09-24,09:55,인천,부평구,수변로,인천광역시 부평구 삼산동 156-3 도,인천광역시 부평구 부개동 375-1도,23,50,15,매우좋음
2024-09-24,09:44,인천,부평구,체육관로,인천광역시 부평구 삼산동 395-9도,인천광역시 부평구 갈산동 414도,22,53,7,매우좋음
2024-09-24,09:21,인천,부평구,평천로,인천광역시 부평구 청천동 372-6천,인천광역시 부평구 삼산동 106-212 도,22,52,23,매우좋음
2024-09-24,13:22,경기,포천시,금강로,경기도 포천시 내촌면 신팔리 산7-3 도,경기도 포천시 화현면 화현리 산214-5임,25,41,15,매우좋음
2024-09-24,13:11,경기,포천시,부흥로,경기도 포천시 소흘읍 이동교리 산52-3임,경기도 포천시 내촌면 진목리 산39-6도,25,43,13,매우좋음
2024-09-24,12:00,경기,포천시,송우로,경기도 포천시 동교동 542-2도,경기도 포천시 소흘읍 송우리 119-1 도,23,45,9,매우좋음
2024-09-24,11:49,경기,포천시,태봉로,경기도 포천시 소흘읍 이동교리 38-7 도,경기도 포천시 소흘읍 송우리 731 도,23,47,59,좋음
2024-09-24,11:42,경기,포천시,솔모루로,경기도 포천시 소흘읍 송우리 72 도,경기도 포천시 소흘읍 송우리 485-11 도,24,45,12,매우좋음
2024-09-24,11:36,경기,포천시,호국로,경기도 포천시 영북면 자일리 339-3천,경기도 포천시 소흘읍 이동교리 산117-2 도,24,45,10,매우좋음
2024-09-24,11:19,경기,포천시,포천로,경기도 포천시 창수면 주원리 산217-3임,경기도 포천시 내촌면 내리 482-3도,23,49,7,매우좋음
2024-09-24,11:06,경기,포천시,용정경제로,경기도 포천시 어룡동 408-1도,경기도 포천시 군내면 구읍리 606-10답,23,50,4,매우좋음
2024-09-24,11:00,경기,포천시,호국로,경기도 포천시 영북면 자일리 339-3천,경기도 포천시 소흘읍 이동교리 산117-2 도,22,54,11,매우좋음
2024-09-24,10:48,경기,포천시,왕방로,경기도 포천시 어룡동 408-1도,경기도 포천시 신북면 가채리 804-5전,22,56,8,매우좋음
2024-09-24,15:27,서울,도봉구,해등로,서울특별시 도봉구 쌍문동 509-11도,서울특별시 도봉구 창동 산135-1도,25,39,9,매우좋음
2024-09-24,15:24,서울,도봉구,삼양로,쌍문동 513-2대,쌍문동 424-31천,26,36,6,매우좋음
2024-09-24,14:54,서울,도봉구,도봉로,서울특별시 도봉구 도봉동 368-2 도,서울특별시 도봉구 창동 737-1 천,27,36,21,매우좋음
2024-09-24,14:36,서울,도봉구,마들로,서울특별시 도봉구 창동 796 천,서울특별시 도봉구 도봉동 11-8 답,26,35,9,매우좋음
2024-09-24,14:24,서울,도봉구,도당로,서울특별시 도봉구 쌍문동 20-7도,서울특별시 도봉구 방학동 726-65 도,26,35,12,매우좋음
2024-09-24,14:06,서울,도봉구,방학로,서울특별시 도봉구 방학동 18-5천,서울특별시 강북구 우이동 산103-1도,27,33,10,매우좋음
2024-09-24,13:45,서울,도봉구,노해로,서울특별시 도봉구 쌍문동 358-7도,서울특별시 도봉구 창동 21-1천,26,36,8,매우좋음
2024-09-24,13:26,서울,도봉구,덕릉로,서울특별시 도봉구 창동 756-164 천,서울특별시 도봉구 창동 737-8천,26,36,7,매우좋음
2024-09-24,12:55,서울,광진구,광나루로,서울특별시 광진구 구의동 562천,서울특별시 광진구 군자동 355-9 도,25,43,9,매우좋음
2024-09-24,12:41,서울,광진구,천호대로,서울특별시 광진구 중곡동 680-16제,서울특별시 광진구 광장동 557-1천,25,42,8,매우좋음
2024-09-24,12:25,서울,광진구,자양로,서울특별시 광진구 자양동 753-2도,서울특별시 광진구 구의동 84-2도,26,42,8,매우좋음
2024-09-24,12:16,서울,광진구,구의강변로,서울특별시 광진구 구의동 200-10 도,서울특별시 광진구 구의동 625-4도,24,46,24,매우좋음
2024-09-24,11:56,서울,광진구,뚝섬로,서울특별시 광진구 자양동 203-22 도,서울특별시 광진구 구의동 607 도,24,46,10,매우좋음
2024-09-24,11:42,서울,광진구,동일로,서울특별시 광진구 중곡동 587-1도,서울특별시 광진구 중곡동 263-1 도,25,44,7,매우좋음
2024-09-24,11:29,서울,광진구,긴고랑로,서울특별시 광진구 중곡동 263-1 도,서울특별시 광진구 중곡동 143-146 공,24,45,14,매우좋음
2024-09-24,11:15,서울,광진구,용마산로,서울특별시 광진구 중곡동 606-1 도,서울특별시 광진구 중곡동 272-14 도,23,48,7,매우좋음
2024-09-24,11:02,서울,광진구,능동로,서울특별시 광진구 자양동 71-2제,서울특별시 광진구 중곡동 298-1 도,23,49,7,매우좋음
2024-09-24,10:40,서울,광진구,아차산로,서울특별시 광진구 광장동 2-6임,서울특별시 광진구 자양동 23-11구,23,51,9,매우좋음
2024-09-25,14:06,서울,은평구,백련산로,서울특별시 은평구 응암동 84-14도,서울특별시 은평구 응암동 691도,28,49,7,매우좋음
2024-09-25,12:17,서울,은평구,진흥로,서울특별시 은평구 역촌동 85-42도,서울특별시 은평구 불광동 산42-1임,27,53,7,매우좋음
2024-09-25,11:57,서울,은평구,서오릉로,서울특별시 은평구 응암동 82-31도,서울특별시 은평구 구산동 산 131-18 임,28,52,6,매우좋음
2024-09-25,11:42,서울,은평구,응암로,서울특별시 은평구 응암동 604-8도,서울특별시 은평구 역촌동 17-55천,27,56,5,매우좋음
2024-09-25,11:25,서울,은평구,가좌로,서울특별시 은평구 신사동 산48-7 임,서울특별시 은평구 응암동 691도,26,57,6,매우좋음
2024-09-25,11:13,서울,은평구,은평로,서울특별시 은평구 녹번동 55도,서울특별시 은평구 신사동 41-3도,25,59,6,매우좋음
2024-09-25,10:56,서울,은평구,통일로,서울특별시 은평구 진관동 75-1도,서울특별시 은평구 응암동 32-1도,25,62,6,매우좋음
2024-09-25,10:40,서울,은평구,진관1로,서울특별시 은평구 진관동 234-30도,서울특별시 은평구 진관동 159-9답,24,65,4,매우좋음
2024-09-25,10:24,서울,은평구,북한산로,서울특별시 은평구 진관동 288-3천,서울특별시 은평구 진관동 72-4도,24,65,61,좋음
2024-09-25,09:59,서울,은평구,연서로,서울특별시 은평구 역촌동 85-42도,서울특별시 은평구 진관동 2-23도,24,64,6,매우좋음
2024-09-25,09:49,서울,은평구,증산로,서울특별시 은평구 수색동 46-40철,서울특별시 은평구 신사동 22-15도,24,63,4,매우좋음
2024-09-25,09:38,서울,은평구,수색로,서울특별시 은평구 수색동 293-61구,서울특별시 은평구 증산동 239도,24,62,8,매우좋음
2024-09-25,12:43,인천,동구,송림로,인천광역시 동구 창영동 179-1철,인천광역시 동구 송림동 4-198도,28,51,6,매우좋음
2024-09-25,11:15,인천,동구,인중로,인천광역시 동구 송림동 4-1 도,인천광역시 동구 만석동 43-187도,26,58,9,매우좋음
2024-09-25,10:30,인천,부평구,부평북로,인천광역시 부평구 삼산동 395-3도,인천광역시 부평구 청천동 372-5도,25,63,7,매우좋음
2024-09-25,10:18,인천,부평구,굴포로,인천광역시 부평구 갈산동 187도,인천광역시 부평구 삼산동 482 도,25,64,5,매우좋음
2024-09-30,15:36,인천,중구,햇내로,인천광역시 중구 운서동 3161-1도,인천광역시 중구 운북동 656-28 도,27,47,9,매우좋음
2024-09-30,15:26,인천,중구,넙디로,인천광역시 중구 운남동 1768도,인천광역시 중구 운서동 3236도,27,50,3,매우좋음
2024-09-30,15:18,인천,중구,은하수로,인천광역시 중구 중산동 1984-3도,인천광역시 중구 중산동 1992도,27,51,5,매우좋음
2024-09-30,15:10,인천,중구,하늘별빛로,인천광역시 중구 중산동 1977도,인천광역시 중구 중산동 2002도,27,51,4,매우좋음
2024-09-30,15:04,인천,중구,하늘달빛로,인천광역시 중구 중산동 2002도,인천광역시 중구 중산동 1975도,26,54,5,매우좋음
2024-09-30,14:51,인천,중구,하늘중앙로,인천광역시 중구 중산동 1933-7 도,인천광역시 중구 중산동 1992도,27,52,10,매우좋음
2024-09-30,14:21,인천,중구,영종대로,인천광역시 중구 운서동 2819도,인천광역시 중구 중산동 1097-307답,27,54,5,매우좋음
2024-09-30,13:15,인천,중구,흰바위로,인천광역시 중구 운서동 2821도,인천광역시 중구 운남동 1768도,27,49,4,매우좋음
2024-09-30,13:09,인천,중구,신도시북로,인천광역시 중구 운서동 2818도,인천광역시 중구 운서동 2818도,26,48,4,매우좋음
2024-09-30,13:03,인천,중구,신도시남로,인천광역시 중구 운서동 2818도,인천광역시 중구 운서동 2818도,27,48,5,매우좋음
2024-09-30,12:49,인천,중구,자유무역로,인천광역시 중구 운서동 3181 도,인천광역시 중구 운서동 3190 도,26,48,5,매우좋음
2024-09-30,12:24,인천,중구,서해대로94번길,인천광역시 중구 신흥동3가 58-6 도,인천광역시 중구 신흥동3가 69-1 도,27,47,11,매우좋음
2024-09-30,12:17,인천,중구,축항대로296번길,인천광역시 중구 신흥동3가 35도,인천광역시 중구 신흥동3가 80 도,27,45,7,매우좋음
2024-09-30,12:00,인천,중구,축항대로86번길,인천광역시 중구 항동7가 27-19 도,인천광역시 중구 항동7가 72 도,27,48,81,좋음
2024-09-30,11:52,인천,중구,축항대로118번길,인천광역시 중구 항동7가 72 도,인천광역시 중구 항동7가 27-45도,26,49,14,매우좋음
2024-09-30,11:47,인천,중구,연안부두로,인천광역시 중구 항동7가 27-19 도,인천광역시 중구 항동7가 72 도,26,50,20,매우좋음
2024-09-30,11:39,인천,중구,축항대로,인천광역시 남구 용현동 627-24제,인천광역시 중구 북성동1가 104-1도,27,46,39,매우좋음
2024-09-30,11:31,인천,중구,축항대로290번길,인천광역시 중구 신흥동3가 79도,인천광역시 중구 신흥동3가 35도,27,44,27,매우좋음
2024-09-30,11:16,인천,중구,서해대로,인천광역시 중구 유동 2-74도,인천광역시 중구 신흥동3가 77잡,27,45,9,매우좋음
2024-09-30,11:09,인천,중구,우현로,인천광역시 중구 사동 26-19도,인천광역시 중구 인현동 1-2도,27,45,11,매우좋음
2024-09-30,10:52,인천,중구,참외전로,인천광역시 중구 송월동3가 17도,인천광역시 중구 도원동 64-43도,26,46,10,매우좋음
2024-09-30,10:44,인천,중구,제물량로,인천광역시 중구 신흥동3가 40-1 도,인천광역시 중구 북성동1가 10도,26,47,5,매우좋음
2024-09-30,10:32,인천,중구,인중로,인천광역시 중구 북성동1가 3-55철,인천광역시 중구 신흥동3가 11-4 도,26,47,7,매우좋음
2024-09-30,10:18,인천,중구,월미로,인천광역시 중구 선린동 58-1 도,인천광역시 중구 북성동1가 119도,25,50,32,매우좋음
2024-09-30,10:04,인천,동구,새천년로,인천광역시 동구 송림동 87도,인천광역시 동구 송림동 39도,25,50,11,매우좋음
2024-09-30,09:41,인천,동구,방축로,인천광역시 동구 송현동 142-4도,인천광역시 동구 송림동 324도,24,52,4,매우좋음
2024-09-30,09:34,인천,동구,샛골로,인천광역시 동구 창영동 179-3도,인천광역시 동구 송현동 1-4 도,24,52,221,매우나쁨
2024-09-30,09:24,인천,동구,화도진로,인천광역시 동구 만석동 9-41 도,인천광역시 동구 송림동 234-8도,24,51,8,매우좋음
2024-09-30,09:16,인천,동구,중봉대로,인천광역시 동구 송현동 142-4도,인천광역시 동구 송현동 1-846 도,25,51,7,매우좋음
