건강검진검사항목코드,건강검진검사항목코드명,건강검진유형구분코드,건강검진유형상세구분코드,건강검진검사항목유형코드
D3702049,폐암판독의뢰여부,D,D37,D3702
F9002021,영유아구강검진공통<지도사항(미맹출치아)>,F,F90,F9002
F9005001,구강위생관리(치아우식위험도),F,F90,F9005
F9005002,불소이용(치아우식위험도),F,F90,F9005
F9005003,설탕섭취(치아우식위험도),F,F90,F9005
F9005004,생활습관(치아우식위험도),F,F90,F9005
F9005005,병력(치아우식위험도),F,F90,F9005
F9002022,치아통증(문진),F,F90,F9002
D3703031,폐암금연상담여부,D,D37,D3703
D3703032,폐암금연상담시간,D,D37,D3703
D3703041,폐암금연약물처방여부,D,D37,D3703
D3703042,폐암금연약물처방의종류(비레니클린),D,D37,D3703
D3703043,폐암금연약물처방의종류(부프로피온),D,D37,D3703
D3703044,폐암금연약물처방의종류(니코틴패치),D,D37,D3703
D3703045,폐암금연약물처방의종류(니코틴껌/로젠지)),D,D37,D3703
D3703046,폐암금연약물처방의종류(기타),D,D37,D3703
D3703047,폐암금연약물처방의종류(기타내용),D,D37,D3703
D3703061,폐암금연교육자료제공여부,D,D37,D3703
D3703071,폐암금연치료연계여부,D,D37,D3703
D3703072,폐암금연치료연계기관(병원내금연클리닉),D,D37,D3703
D3703073,폐암금연치료연계기관(타의료기관금연클리닉),D,D37,D3703
D3703074,폐암금연치료연계기관(보건소금연클리닉),D,D37,D3703
D3703075,폐암금연치료연계기관(금연콜센터),D,D37,D3703
D3703076,폐암금연치료연계기관(금연캠프),D,D37,D3703
D3703077,폐암금연치료연계기관(기타),D,D37,D3703
D3703078,폐암금연치료연계기관(기타내용),D,D37,D3703
D3703030,폐암<사후결과상담(폐암금연현황)>,D,D37,D3703
D3703016,폐암<사후결과상담(폐암기도결절분류)>,D,D37,D3703
D3703017,폐암<사후결과상담(폐암기도결절추적검사소견)>,D,D37,D3703
D3703033,폐암<사후결과상담(폐암금연기간(년))>,D,D37,D3703
D3703034,폐암<사후결과상담(폐암금연기간(개월))>,D,D37,D3703
A1106003,판독의뢰여부,A,A11,A1106
D3101004,위장조영검사판독의뢰유무,D,D31,D3101
D3301004,판독의뢰유무,D,D33,D3301
X1101001,참여및결과활용동의서,X,X11,X1101
X1101003,C형간염(시범)선별(항체)검사방법,X,X11,X1101
X1101004,C형간염(시범)선별(항체)검사결과,X,X11,X1101
X1101005,C형간염(시범)선별(항체)검사결과정밀수치,X,X11,X1101
X1102003,C형간염(시범)확진(RNA)검사방법,X,X11,X1102
X1102004,C형간염(시범)확진(RNA)검사결과,X,X11,X1102
X1102005,C형간염(시범)확진(RNA)검사결과정밀수치,X,X11,X1102
X1103001,종합판정정상,X,X11,X1103
X1103002,종합판정질환의심,X,X11,X1103
X1103003,종합판정질환,X,X11,X1103
P1101002,체중,P,P11,P1101
P1101004,체질량,P,P11,P1101
P1101005,시각(좌),P,P11,P1101
P1101006,시각(우),P,P11,P1101
P1101007,청각(좌),P,P11,P1101
P1101008,청각(우),P,P11,P1101
P1101009,혈압(최고),P,P11,P1101
P1101010,혈압(최저),P,P11,P1101
P1101013,교정시력여부,P,P11,P1101
P1101014,근·골격및척추,P,P11,P1101
P1101015,호흡기,P,P11,P1101
P1101016,순환기,P,P11,P1101
P1101017,비뇨기,P,P11,P1101
P1101018,소화기,P,P11,P1101
P1101019,신경계,P,P11,P1101
P1101020,기타,P,P11,P1101
P1103001,요단백,P,P11,P1103
P1103002,요잠혈,P,P11,P1103
P1104001,혈색소수치,P,P11,P1104
P1104002,공복혈당수치,P,P11,P1104
P1104003,총콜레스테롤수치,P,P11,P1104
P1104008,AST(SGOT)수치,P,P11,P1104
P1104009,ALT(SGPT)수치,P,P11,P1104
P1105001,B형간염항원검사유형,P,P11,P1105
P1105002,B형간염표면항원결과,P,P11,P1105
P1105003,B형간염표면항체검사유형,P,P11,P1105
P1105004,B형간염표면항체결과,P,P11,P1105
P1105005,B형간염표면항체정밀수치,P,P11,P1105
P1105006,간염검사결과,P,P11,P1105
P1105007,B형간염표면항원정밀수치,P,P11,P1105
P1105008,B형간염표면항원정밀기준치,P,P11,P1105
P1105009,B형간염표면항체정밀기준치,P,P11,P1105
P1106001,흉부방사선검사촬영구분,P,P11,P1106
P1106002,흉부방사선검사결과,P,P11,P1106
P1109001,과거병력진단여부,P,P11,P1109
P1109002,과거병력약물치료여부,P,P11,P1109
P1109003,생활습관흡연,P,P11,P1109
P1109004,생활습관음주,P,P11,P1109
P1109005,생활습관운동,P,P11,P1109
P1109006,생활습관체중,P,P11,P1109
P1109007,외상및휴유증여부,P,P11,P1109
P1109008,일반상태,P,P11,P1109
P1112001,종합판정정상A,P,P11,P1112
P1112002,종합판정정상B,P,P11,P1112
P1112003,종합판정일반질환의심,P,P11,P1112
P1112005,종합판정유질환,P,P11,P1112
P1112008,정상/경계(B)비만관리,P,P11,P1112
P1112009,정상/경계(B)혈압관리,P,P11,P1112
P1112010,정상/경계(B)이상지질혈증관리,P,P11,P1112
P3102002,요잠혈,P,P31,P3102
P3102003,신장질환판정결과,P,P31,P3102
P3103001,공복혈당,P,P31,P3103
P3103002,당뇨병판정결과,P,P31,P3103
P3103003,총콜레스테롤,P,P31,P3103
P3103004,HDL-콜레스테롤,P,P31,P3103
P3103005,LDL-콜레스테롤,P,P31,P3103
P3103006,중성지방,P,P31,P3103
P3103007,이상지질혈증판정결과,P,P31,P3103
P3104001,C형간염검사방법,P,P31,P3104
P3104002,C형간염검사결과,P,P31,P3104
P3104003,C형간염정밀값,P,P31,P3104
P3104004,C형간염기준치,P,P31,P3104
P3104005,C형간염판정결과,P,P31,P3104
P3105001,매독검사방법,P,P31,P3105
P3105002,매독검사결과,P,P31,P3105
P3105003,매독정밀값,P,P31,P3105
P3105004,매독기준치,P,P31,P3105
P3101001,혈압(고),P,P31,P3101
P3105005,매독판정결과,P,P31,P3105
P1102034,C형간염표면항체검사유형,P,P11,P1112
P3106001,장애인안전편의관리비,P,P31,P3106
P2101014,클라미디아,P,P21,P2101
P2101015,임균,P,P21,P2101
P3103008,LDL-콜레스테롤실측정값,P,P31,P3103
P1112034,질환의심(R1)난청질환의심,P,P11,P1112
P1112035,정상/경계(B)비활동성폐결핵,P,P11,P1112
P1101001,신장,P,P11,P1101
Q1102002,치주질환증상,Q,Q11,Q1102
Q1102003,치주질환의그밖의증상내용,Q,Q11,Q1102
Q1102004,구내염및연조직질환,Q,Q11,Q1102
Q1102005,구내염및연조직내용,Q,Q11,Q1102
Q1103001,구강위생상태,Q,Q11,Q1103
Q1103002,악관절이상,Q,Q11,Q1103
Q1104001,종합판정,Q,Q11,Q1104
P1102036,C형간염표면항체정밀수치,P,P11,P1112
P1102037,C형간염표면항체정밀기준치,P,P11,P1112
P1102038,장애인안전편의관리비,P,P11,P1112
P3101002,혈압(저),P,P31,P3101
P3101003,고혈압판정결과,P,P31,P3101
P3102001,요단백,P,P31,P3102
P1112011,정상/경계(B)간기능관리,P,P11,P1112
P1112012,정상/경계(B)당뇨관리,P,P11,P1112
P1112013,정상/경계(B)신장기능관리,P,P11,P1112
P1112014,정상/경계(B)빈혈관리,P,P11,P1112
P1112016,정상/경계(B)기타질환관리,P,P11,P1112
P1112017,기타질환관리세부,P,P11,P1112
P1112019,질환의심(R1)폐결핵의심,P,P11,P1112
P1112020,질환의심(R1)기타흉부질환의심,P,P11,P1112
P1112021,질환의심(R1)이상지질혈증의심,P,P11,P1112
P1112022,질환의심(R1)간장질환의심,P,P11,P1112
P1112023,질환의심(R1)신장질환의심,P,P11,P1112
P1112024,질환의심(R1)빈혈증의심,P,P11,P1112
P1112026,질환의심(R1)기타질환의심,P,P11,P1112
P1112027,질환의심(R1)기타질환의심세부,P,P11,P1112
P1112028,질환의심(R1)고혈압질환의심,P,P11,P1112
P1112029,질환의심(R1)당뇨질환의심,P,P11,P1112
P1112030,유질환자(D)고혈압,P,P11,P1112
P1112031,유질환자(D)당뇨,P,P11,P1112
P1112032,유질환자(D)이상지질혈증,P,P11,P1112
P1112033,유질환자(D)폐결핵,P,P11,P1112
P2101000,추가검사여부,P,P21,P2101
P2101001,C형간염표면항체검사유형,P,P21,P2101
P2101002,C형간염표면항체결과,P,P21,P2101
P2101003,C형간염표면항체정밀수치,P,P21,P2101
P2101004,C형간염표면항체정밀기준치,P,P21,P2101
P2101006,매독혈청반응검사유형,P,P21,P2101
P2101007,매독혈청반응결과,P,P21,P2101
P2101008,매독혈청반응(정밀)결과수치,P,P21,P2101
P2101009,매독혈청반응(정밀)기준치,P,P21,P2101
P2101010,HIV검사유형,P,P21,P2101
P2101011,HIV검사(일반/정밀/항원항체동시선별)검사결과,P,P21,P2101
P2101012,HIV검사(정밀/항원항체동시선별)정밀수치,P,P21,P2101
P2101013,HIV검사(정밀/항원항체동시선별)기준치,P,P21,P2101
P1102035,C형간염표면항체결과,P,P11,P1112
P2102038,장애인안전편의관리비,P,P21,P2101
Q1101001,우식치아,Q,Q11,Q1101
Q1101002,우식치아개수(상악),Q,Q11,Q1101
Q1101003,우식치아개수(하악),Q,Q11,Q1101
Q1101004,우식발생위험치아,Q,Q11,Q1101
Q1101005,우식발생위험치아개수(상악),Q,Q11,Q1101
Q1101006,우식발생위험치아개수(하악),Q,Q11,Q1101
Q1101007,결손치아(영구치에한함),Q,Q11,Q1101
Q1101008,결손치아(상악),Q,Q11,Q1101
Q1101009,결손치아(하악),Q,Q11,Q1101
Q1101010,부정교합,Q,Q11,Q1101
Q1101011,치아마모증,Q,Q11,Q1101
Q1101012,제3대구치(사랑니),Q,Q11,Q1101
Q1101013,제3대구치이상내용,Q,Q11,Q1101
Q1101014,그밖의치아상태,Q,Q11,Q1101
Q1101015,그밖의치아상태내용,Q,Q11,Q1101
Q1102001,치주질환,Q,Q11,Q1102
P1101021,허리둘레,P,P11,P1101
P1101022,교정청력여부,P,P11,P1101
P1104010,HDL-콜레스테롤,P,P11,P1104
P1104011,중성지방,P,P11,P1104
P1104012,LDL-콜레스테롤,P,P11,P1104
P1104013,LDL-콜레스테롤실측정값,P,P11,P1104
P1109009,안질환,P,P11,P1109
P1109010,귓병,P,P11,P1109
P1109011,콧병,P,P11,P1109
P1109012,목병,P,P11,P1109
P1109013,피부병,P,P11,P1109
E9002021,영유아건강검진공통<신체진찰소견(눈과외안부특이소견)>,E,E90,E9002
E9002022,"영유아건강검진공통<신체진찰소견(소이증,외이도폐쇄증)>",E,E90,E9002
E9002023,영유아건강검진공통<신체진찰소견(육안으로보이는구순·구개열)>,E,E90,E9002
E9002024,영유아건강검진공통<신체진찰소견(흉쇄유돌근에만져지는종괴)>,E,E90,E9002
E9002025,영유아건강검진공통<신체진찰소견(청진상심잡음)>,E,E90,E9002
E9002026,영유아건강검진공통<신체진찰소견(고환이음낭에서안만져짐)>,E,E90,E9002
E9002027,영유아건강검진공통<신체진찰소견(음낭수종)>,E,E90,E9002
E9002028,영유아건강검진공통<신체진찰소견(고관절불안정)>,E,E90,E9002
E9002029,영유아건강검진공통<신체진찰소견(사타구니피부주름비대칭)>,E,E90,E9002
E9002030,영유아건강검진공통<신체진찰소견(고관절외전제한소견)>,E,E90,E9002
E9002031,영유아건강검진공통<신체진찰소견(기타소견)>,E,E90,E9002
E9005012,영유아건강검진공통<건강교육실시(모유수유교육)>,E,E90,E9005
E9005013,영유아건강검진공통<건강교육실시(취학전준비교육(누리과정))>,E,E90,E9005
E9001013,영유아건강검진공통<신체계측(키(출생시))>,E,E90,E9001
E9001014,영유아건강검진공통<신체계측(몸무게(출생시))>,E,E90,E9001
E9001015,영유아건강검진공통<신체계측(머리둘레(출생시))>,E,E90,E9001
C1101020,구강병력및증상-치아통증,C,C11,C1101
C1101021,구강병력및증상-만성질환,C,C11,C1101
C1101022,구강병력및증상-잇몸통증혹은출혈,C,C11,C1101
C1107001,기타이상소견,C,C11,C1107
D3205006,06.장결핵,D,D32,D3205
D3205007,07.대장게실증,D,D32,D3205
D3205008,08.대장점막하종양,D,D32,D3205
D3205009,09.림프구증식,D,D32,D3205
D3205010,10.직접기입,D,D32,D3205
D3205011,11.직접기입내역,D,D32,D3205
D3205012,대장내시경검사필요,D,D32,D3205
D3205013,결장경검사병형,D,D32,D3205
D3206001,1.에스결장다발성게실,D,D32,D3206
D3206002,2.대장염,D,D32,D3206
D3206003,3.치질,D,D32,D3206
D3206004,4.항문및직장의용종,D,D32,D3206
D3206005,5.특발성항문대장염,D,D32,D3206
D3206006,6.간디스토마,D,D32,D3206
D3206007,7.변비,D,D32,D3206
A2101004,당뇨병기왕력자,A,A21,A2101
A2101005,치료계획,A,A21,A2101
A2102001,혈압측정:최고,A,A21,A2102
A2102002,혈압측정:최저,A,A21,A2102
A2102003,진단결과,A,A21,A2102
F9001023,하(우)(71),F,F90,F9001
F9001024,하(우)(72),F,F90,F9001
F9001025,하(우)(73),F,F90,F9001
D3603004,C형간염기준치(정밀),D,D36,D3603
D3603005,C형간염항체판정,D,D36,D3603
D3604001,간초음파검사관찰소견(1set),D,D36,D3604
D3604002,간초음파검사관찰소견(2set),D,D36,D3604
D3604003,간초음파검사관찰소견(3set),D,D36,D3604
D3604004,양성질환1.혈관종,D,D36,D3604
D3604005,양성질환2.간낭종,D,D36,D3604
D3604006,양성질환3.지방간,D,D36,D3604
D3604007,간초음파검사관찰소견간암의심간암형,D,D36,D3604
D3604008,병변위치1.I,D,D36,D3604
D3405036,4.우문맥,D,D34,D3405
D3405037,1.정상,D,D34,D3405
D3405038,2.만성간염,D,D34,D3405
D3405039,3.간경변증,D,D34,D3405
D3405040,4.지방간,D,D34,D3405
D3405041,초음파기타이상,D,D34,D3405
D3405042,검사방법,D,D34,D3405
D3405043,RPHA법검사방법,D,D34,D3405
D3405044,EIA법검진기관기준치,D,D34,D3405
D3405045,EIA법검사결과,D,D34,D3405
D3406001,간암혈청알파태아단백검사방법(정성법/정량법),D,D34,D3406
D3406002,간암혈청알파태아단백검사결과(정성법),D,D34,D3406
D3406003,간암혈청알파태아단백검사수치(정량법),D,D34,D3406
D3406004,간암혈청알파태아단백검사단위(정량법),D,D34,D3406
D3406005,간암혈청알파태아단백검사기준치(정량법),D,D34,D3406
D3407001,종합판정,D,D34,D3407
D3407002,기존간암환자,D,D34,D3407
D3407003,기타내역,D,D34,D3407
D3407004,간암진찰료포함여부,D,D34,D3407
D3407005,의심()개월후재검대상,D,D34,D3407
D3408001,장애인안전편의관리비,D,D34,D3408
D3501001,검체상태,D,D35,D3501
D3501002,자궁경부선상피세포,D,D35,D3501
D3501003,유형별진단,D,D35,D3501
D3501004,편평상피세포이상,D,D35,D3501
D3501005,비정형편평상피세포,D,D35,D3501
D3501006,선상피세포이상,D,D35,D3501
D3501007,선상피세포이상기타,D,D35,D3501
D3501008,유형별진단기타,D,D35,D3501
D3501009,추가소견,D,D35,D3501
D3501010,기타추가소견,D,D35,D3501
D3501011,종합판정,D,D35,D3501
D3501012,기존자궁경부암환자,D,D35,D3501
D3501013,기타내역,D,D35,D3501
D3501014,자궁경부암진찰료포함여부,D,D35,D3501
D3501015,의심()개월후재검대상,D,D35,D3501
D3501016,비정형선상피세포,D,D35,D3501
D3502000,중복자궁,D,D35,D3502
D3502001,검체상태,D,D35,D3502
D3502002,선상피세포,D,D35,D3502
D3502003,유형별진단,D,D35,D3502
D3502004,편평상피세포이상,D,D35,D3502
D3502005,위험구분,D,D35,D3502
D3502006,선상피세포이상,D,D35,D3502
D3703012,폐암폐결절외의미있는소견8.다량의흉수또는심낭삼출,D,D37,D3703
D3703013,폐암폐결절외의미있는소견9.기타,D,D37,D3703
D3703014,폐암폐결절외의미있는소견9.기타직접기술,D,D37,D3703
D3703015,폐암비활동성폐결핵,D,D37,D3703
D3704001,폐암종합판정,D,D37,D3704
D3704002,폐암기타내역,D,D37,D3704
D3704003,폐암기존폐암환자,D,D37,D3704
D3704004,폐암상담료포함여부,D,D37,D3704
D3704005,폐암종합판정_1,D,D37,D3704
D3704006,폐암사후상담료포함여부,D,D37,D3704
D3705001,폐암장애인안전편의관리비,D,D37,D3705
C1101006,결손치(빠진치아),C,C11,C1101
C1101009,의치보철(상),C,C11,C1101
C1101010,의치보철(하),C,C11,C1101
C1101011,치아마모증,C,C11,C1101
M1110006,기존질병1.고지혈증,M,M11,M1110
M1110007,기존질병1.기타,M,M11,M1110
M1110008,가족병력가족력유무,M,M11,M1110
M1110009,가족력1.뇌졸증,M,M11,M1110
M1110010,가족력1.심장병,M,M11,M1110
M1110011,가족력1.고혈압,M,M11,M1110
M1110012,가족력1.당뇨병,M,M11,M1110
M1110013,예방접종(B형간염항체)유무,M,M11,M1110
M1110014,예방접종(독감인플루엔자)여부,M,M11,M1110
M1110015,생활습관흡연,M,M11,M1110
D3605035,3.좌문맥,D,D36,D3605
D3605036,4.우문맥,D,D36,D3605
D3605037,1.정상,D,D36,D3605
D3605038,2.만성간염,D,D36,D3605
D3605039,3.간경변증,D,D36,D3605
D3605040,4.지방간,D,D36,D3605
D3605041,초음파기타이상,D,D36,D3605
D3605042,검사방법,D,D36,D3605
D3605043,RPHA법검사방법,D,D36,D3605
D3605044,EIA법검진기관기준치,D,D36,D3605
D3605045,EIA법검사결과,D,D36,D3605
D3404016,간초음파검사관찰소견간암의심병변크기,D,D34,D3404
D3404017,관찰소견기타1.담관확장,D,D34,D3404
D3404018,관찰소견기타2.간내석회화,D,D34,D3404
D3404019,관찰소견기타3.복수,D,D34,D3404
D3404020,관찰소견기타4.비장종대,D,D34,D3404
D3404021,관찰소견기타5.직접기입,D,D34,D3404
D3404022,관찰소견기타6.직접기입내역,D,D34,D3404
D3404023,초음파검사병형,D,D34,D3404
D3404024,간초음파검사검사소견(1set),D,D34,D3404
D3404025,간초음파검사검사소견(2set),D,D34,D3404
D3404026,간초음파검사검사소견(3set),D,D34,D3404
D3404027,간초음파검사검사소견(4set),D,D34,D3404
D3404028,간초음파검사검사소견(5set),D,D34,D3404
D3404029,간초음파검사검사소견(6set),D,D34,D3404
D3404030,간초음파검사검사소견(7set),D,D34,D3404
D3404031,병변위치1cm미만종괴1.I,D,D34,D3404
D3404032,병변위치1cm미만종괴2.II,D,D34,D3404
D3404033,병변위치1cm미만종괴3.III,D,D34,D3404
D3404034,병변위치1cm미만종괴4.IV,D,D34,D3404
D3404035,병변위치1cm미만종괴5.V,D,D34,D3404
D3404036,병변위치1cm미만종괴6.VI,D,D34,D3404
D3404037,병변위치1cm미만종괴7.VII,D,D34,D3404
D3404038,병변위치1cm미만종괴8.VIII,D,D34,D3404
D3404039,병변위치1cm이상종괴1.I,D,D34,D3404
D3404040,병변위치1cm이상종괴2.II,D,D34,D3404
D3404041,병변위치1cm이상종괴3.III,D,D34,D3404
D3404042,병변위치1cm이상종괴4.IV,D,D34,D3404
D3404043,병변위치1cm이상종괴5.V,D,D34,D3404
D3404044,병변위치1cm이상종괴6.VI,D,D34,D3404
D3404045,병변위치1cm이상종괴7.VII,D,D34,D3404
D3404046,병변위치1cm이상종괴8.VIII,D,D34,D3404
D3404047,간초음파검사검사소견간종괴병변크기1,D,D34,D3404
D3404048,간초음파검사검사소견간종괴병변크기2,D,D34,D3404
D3404049,간초음파검사검사소견간종괴병변크기3,D,D34,D3404
D3404050,검사소견기타1.담관확장,D,D34,D3404
D3404051,검사소견기타2.간내담관결석,D,D34,D3404
D3502007,직접기입,D,D35,D3502
D3502008,기타-직접기입,D,D35,D3502
D3502009,추가소견선택,D,D35,D3502
D3502010,기타추가소견내역,D,D35,D3502
D3502016,비정형선상피세포,D,D35,D3502
D3503001,장애인안전편의관리비,D,D35,D3503
M1110016,생활습관음주,M,M11,M1110
M1110017,생활습관운동,M,M11,M1110
M1111001,과거병력유무,M,M11,M1111
M1111002,병력유형1.간장질환,M,M11,M1111
M1111003,병력유형2.고혈압,M,M11,M1111
M1101002,체중,M,M11,M1101
M1111004,병력유형3.뇌졸증,M,M11,M1111
M1111005,병력유형4.심장병,M,M11,M1111
M1111006,병력유형5.당뇨병,M,M11,M1111
M1111007,병력유형6.암,M,M11,M1111
A1114003,흡연평가점수,A,A11,A1114
A1114004,흡연평가,A,A11,A1114
A1115001,음주평가,A,A11,A1115
A1115002,음주처방,A,A11,A1115
A1115003,음주평가점수,A,A11,A1115
A1116001,운동평가,A,A11,A1116
A1116002,운동처방종류,A,A11,A1116
A1116003,운동처방(시간),A,A11,A1116
A1116004,운동처방(빈도횟수),A,A11,A1116
A1116005,운동평가점수,A,A11,A1116
A1117001,영양평가,A,A11,A1117
A1117002,영양처방(권장음식)유제품,A,A11,A1117
A1117003,영양처방(권장음식)단백질류,A,A11,A1117
A1117004,영양처방(권장음식)야채,A,A11,A1117
A1117005,영양처방(제한음식)지방,A,A11,A1117
A1117006,영양처방(제한음식)단순당,A,A11,A1117
A1117007,영양처방(제한음식)염분(소금),A,A11,A1117
A1117008,영양처방(올바른식사습관)아침식사거르지않기,A,A11,A1117
A1117009,영양처방(올바른식사습관)골고루먹기,A,A11,A1117
F9002005,치면세균막(부착여부),F,F90,F9002
F9002006,치면세균막(내용),F,F90,F9002
F9002007,교합이상(유무),F,F90,F9002
F9002008,교합이상(내용),F,F90,F9002
F9002009,구강악습관(유무),F,F90,F9002
F9002010,구강악습관(내용),F,F90,F9002
F9002011,구강연조직이상(유무),F,F90,F9002
F9002012,구강연조직이상(내용),F,F90,F9002
F9002013,기타(유무),F,F90,F9002
F9002014,기타(내용),F,F90,F9002
F9002015,건강교육실시유무,F,F90,F9002
F9002016,우식치아,F,F90,F9002
F9002017,인접면우식의심치아,F,F90,F9002
F9002018,수복치아,F,F90,F9002
F9002019,우식발생위험치아,F,F90,F9002
F9002020,구강위생검사(음식잔사및치면세균막),F,F90,F9002
F9003001,종합판정,F,F90,F9003
F9003011,필요구강보건교육(설탕섭취(영양)),F,F90,F9003
F9003012,필요구강보건교육(구강위생),F,F90,F9003
F9003013,필요구강보건교육(불소이용),F,F90,F9003
F9003021,사후관리권고(정밀구강검진(방사선검사등)),F,F90,F9003
F9003022,사후관리권고(전문가구강위생관리),F,F90,F9003
F9003023,"사후관리권고(특수예방조치(치아홈메우기,불소도포등))",F,F90,F9003
F9003024,사후관리권고(구강병치료(치아우식치료등)),F,F90,F9003
F9004001,영유아구강검진공통<문진표평가(치과병력)>,F,F90,F9004
F9004002,영유아구강검진공통<문진표평가(구강건강인식도문제)>,F,F90,F9004
D3315006,재검진결과변동,D,D33,D3315
D3515006,재검진결과변동,D,D35,D3515
M1112003,종합판정일반질환의심,M,M11,M1112
M1112004,종합판정고혈압당뇨병질환의심,M,M11,M1112
M1112005,종합판정유질환,M,M11,M1112
M1112006,종합판정직업병(D1),M,M11,M1112
M1112007,종합판정일반질병(D2),M,M11,M1112
M1112008,정상/경계(B)비만관리,M,M11,M1112
M2110016,간장질환총단백정량,M,M21,M2110
M2110017,간장질환총빌리루빈,M,M21,M2110
M2110018,간장질환직접빌리루빈,M,M21,M2110
M2109004,경계3.콜레스테롤관리,M,M21,M2109
M2109005,경계4.간기능관리,M,M21,M2109
M2109006,경계5.당뇨관리,M,M21,M2109
M2109007,경계6.신장기능관리,M,M21,M2109
M2109008,경계7.빈혈관리,M,M21,M2109
M2109009,경계8.기타질환관리,M,M21,M2109
M2109010,건강주의1.기타흉부질환주의,M,M21,M2109
M2109011,건강주의2.고혈압주의,M,M21,M2109
M2109012,건강주의3.고지혈증주의,M,M21,M2109
M2109013,건강주의4.간장질환주의,M,M21,M2109
M2109014,건강주의5.당뇨질환주의,M,M21,M2109
M2109015,건강주의6.신장질환주의,M,M21,M2109
M2109016,건강주의7.빈혈증주의,M,M21,M2109
M2109017,건강주의8.기타질환주의,M,M21,M2109
D3404012,병변위치5.V,D,D34,D3404
D3404013,병변위치6.VI,D,D34,D3404
D3404014,병변위치7.VII,D,D34,D3404
D3404015,병변위치8.VIII,D,D34,D3404
D3604048,간초음파검사검사소견간종괴병변크기2,D,D36,D3604
D3604049,간초음파검사검사소견간종괴병변크기3,D,D36,D3604
D3604050,검사소견기타1.담관확장,D,D36,D3604
D3604051,검사소견기타2.간내담관결석,D,D36,D3604
D3604052,검사소견기타3.복수,D,D36,D3604
D3604053,검사소견기타4.비장종대,D,D36,D3604
D3604054,검사소견기타5.간문맥혹은간정맥혈전,D,D36,D3604
D3604055,검사소견기타6.담낭이상,D,D36,D3604
D3604056,검사소견기타6.담낭이상직접기술,D,D36,D3604
D3604057,검사소견기타7.기타,D,D36,D3604
D3604058,검사소견기타7.기타직접기술,D,D36,D3604
D3605001,01.지방간,D,D36,D3605
D3605002,02.간질환,D,D36,D3605
D3605003,03.간경화,D,D36,D3605
D3605004,04.만성간염,D,D36,D3605
D3605005,05.기타,D,D36,D3605
D3605006,06.간염,D,D36,D3605
D3605007,07.담석증,D,D36,D3605
D3605008,08.간디스토마,D,D36,D3605
D3605009,09.급성알코올간염,D,D36,D3605
D3605010,10.간종대,D,D36,D3605
D3605011,11.비종대,D,D36,D3605
D3605012,12.간경색증,D,D36,D3605
D3605013,13.담관의결석,D,D36,D3605
D3605014,14.담낭염,D,D36,D3605
D3605015,15.신결석,D,D36,D3605
D3605016,16.담낭의천공,D,D36,D3605
D3605017,17.담관유착,D,D36,D3605
D3605018,18.간의악성신생물,D,D36,D3605
D3605019,19.간의양성신생물,D,D36,D3605
D3605020,20.췌장의양성신생물,D,D36,D3605
D3605021,21.신낭종,D,D36,D3605
D3605022,22.간석회화,D,D36,D3605
D3605023,23.간하수증,D,D36,D3605
D3605024,24.양성신생물,D,D36,D3605
D3605025,25.담낭낭종,D,D36,D3605
D3605026,26.간내혈관종,D,D36,D3605
D3605027,27.담낭비후,D,D36,D3605
D3605028,28.용종,D,D36,D3605
D3605029,1.단발성결정형,D,D36,D3605
D3404052,검사소견기타3.복수,D,D34,D3404
D3404053,검사소견기타4.비장종대,D,D34,D3404
D3404054,검사소견기타5.간문맥혹은간정맥혈전,D,D34,D3404
D3404055,검사소견기타6.담낭이상,D,D34,D3404
D3404056,검사소견기타6.담낭이상직접기술,D,D34,D3404
D3404057,검사소견기타7.기타,D,D34,D3404
D3404058,검사소견기타7.기타직접기술,D,D34,D3404
D3405001,01.지방간,D,D34,D3405
D3405002,02.간질환,D,D34,D3405
E9002019,신체진찰소견경부,E,E90,E9002
E9002020,신체진찰소견흉부,E,E90,E9002
E9003001,시각문진판정,E,E90,E9003
E9003002,시각5번문항,E,E90,E9003
E9003003,시각6번문항,E,E90,E9003
E9003004,시각7번문항,E,E90,E9003
E9003005,시각8번문항,E,E90,E9003
E9003006,시각9번문항,E,E90,E9003
E9003007,시력검사종류,E,E90,E9003
E9003008,시력검사좌,E,E90,E9003
E9003009,시력검사우,E,E90,E9003
E9003010,시력검사판정,E,E90,E9003
E9003011,안경,E,E90,E9003
E9003012,시각1번문항,E,E90,E9003
E9003013,시각2번문항,E,E90,E9003
E9003014,시각3번문항,E,E90,E9003
E9003015,시각4번문항,E,E90,E9003
E9003016,시력검사양안,E,E90,E9003
E9004001,청각문진판정,E,E90,E9004
E9004002,10번문항,E,E90,E9004
E9004003,11번문항,E,E90,E9004
E9004004,12번문항,E,E90,E9004
E9004005,13번문항,E,E90,E9004
E9004006,14번문항,E,E90,E9004
E9004007,14-1번문항(4개월만),E,E90,E9004
E9004008,청각K-ASQ관련,E,E90,E9004
E9004009,청각1번문항,E,E90,E9004
E9004010,청각2번문항,E,E90,E9004
E9004011,청각3번문항,E,E90,E9004
E9004012,청각4번문항,E,E90,E9004
E9004013,청각5번문항,E,E90,E9004
E9004014,청각6번문항(4개월만),E,E90,E9004
E9004015,청각K-DST관련,E,E90,E9004
E9005001,건강교육안전,E,E90,E9005
E9005002,건강교육영양,E,E90,E9005
D3405022,22.간석회화,D,D34,D3405
D3405023,23.간하수증,D,D34,D3405
D3405024,24.양성신생물,D,D34,D3405
D3405025,25.담낭낭종,D,D34,D3405
D3405026,26.간내혈관종,D,D34,D3405
D3405027,27.담낭비후,D,D34,D3405
D3405028,28.용종,D,D34,D3405
D3405029,1.단발성결정형,D,D34,D3405
D3405030,2.다발성결정형,D,D34,D3405
D3405031,3.대종괴형,D,D34,D3405
D3405032,4.미만형,D,D34,D3405
D3405033,1.정상,D,D34,D3405
D3405034,2.주문맥,D,D34,D3405
D3405035,3.좌문맥,D,D34,D3405
M2110050,사후관리질병유소견자(건강주의C일반질병D2직업병D1),M,M21,M2110
M2110051,알파피토프로테인,M,M21,M2110
D3303017,8.직접기입내역,D,D33,D3303
D3304001,판독소견(3set),D,D33,D3304
D3304002,1.상외측,D,D33,D3304
D3304003,2.상내측,D,D33,D3304
D3304004,3.하외측,D,D33,D3304
D3304005,4.하내측,D,D33,D3304
D3304006,5.유두하부,D,D33,D3304
M1111011,개선필요2.흡연,M,M11,M1111
M1111012,개선필요3.운동,M,M11,M1111
M1111013,개선필요4.체중,M,M11,M1111
D3108001,위내시경검사(2set),D,D31,D3108
D3108002,위저부,D,D31,D3108
D3701001,폐암검사방법,D,D37,D3701
D3701002,폐암이전CT유무,D,D37,D3701
A2107005,비만처방(3.음주량과횟수를줄이십시오),A,A21,A2107
A2107006,비만처방(4.외식이나패스트푸드를줄이십시오),A,A21,A2107
A2107007,비만처방(5.운동처방을참고하십시오),A,A21,A2107
A2107008,비만처방(6연계(비만클리닉)),A,A21,A2107
A2107009,비만처방(7.기타),A,A21,A2107
A2108001,우울증CES-D(40),A,A21,A2108
A2108002,노인성우울증GDS단축판(66),A,A21,A2108
A2108003,인지기능장애KDSQ-C(667074),A,A21,A2108
A2108004,우울증CES-D(40)-점수,A,A21,A2108
A2108005,노인성우울증GDS단축판(66)-점수,A,A21,A2108
A2108006,인지기능장애KDSQ-C(667074)-점수,A,A21,A2108
A2109001,종합판정,A,A21,A2109
A2109002,경계1.비만관리,A,A21,A2109
A2109003,경계2.혈압관리,A,A21,A2109
A2109004,경계3.콜레스테롤관리,A,A21,A2109
A2109005,경계4.간기능관리,A,A21,A2109
A2109006,경계5.당뇨관리,A,A21,A2109
A2109007,경계6.신장기능관리,A,A21,A2109
A2109008,경계7.빈혈관리,A,A21,A2109
A2109009,경계8.기타질환관리,A,A21,A2109
A2109010,건강주의1.기타흉부질환주의,A,A21,A2109
A2109011,건강주의2.고혈압주의,A,A21,A2109
A2109012,건강주의3.고지혈증주의,A,A21,A2109
D3212005,조직검사별도청구,D,D32,D3212
D3704007,5.기타폐결절외의미있는소견,D,D37,D3704
D3207005,04.간만곡,D,D32,D3207
D3207006,05.횡행결장,D,D32,D3207
D3207007,06.비만곡,D,D32,D3207
D3207008,07.하행결장,D,D32,D3207
D3207009,08.에스결장,D,D32,D3207
D3207010,09.직장,D,D32,D3207
D3207011,10.항문,D,D32,D3207
D3207012,11.기타,D,D32,D3207
D3207013,12.기타부위,D,D32,D3207
D3208001,대장내시경검사판독소견(2set),D,D32,D3208
D3208002,01.회장말단부,D,D32,D3208
D3208003,02.맹장,D,D32,D3208
D3208004,03.상행결장,D,D32,D3208
D3208005,04.간만곡,D,D32,D3208
D3208006,05.횡행결장,D,D32,D3208
D3208007,06.비만곡,D,D32,D3208
D3208008,07.하행결장,D,D32,D3208
D3208009,08.에스결장,D,D32,D3208
D3208010,09.직장,D,D32,D3208
D3208011,10.항문,D,D32,D3208
D3209001,대장내시경검사판독소견(3set),D,D32,D3209
D3209002,01.회장말단부,D,D32,D3209
D3209003,02.맹장,D,D32,D3209
D3209004,03.상행결장,D,D32,D3209
D3209005,04.간만곡,D,D32,D3209
D3209006,05.횡행결장,D,D32,D3209
D3209007,06.비만곡,D,D32,D3209
D3209008,07.하행결장,D,D32,D3209
D3209009,08.에스결장,D,D32,D3209
D3209010,09.직장,D,D32,D3209
D3209011,10.항문,D,D32,D3209
D3209012,대장용종크기,D,D32,D3209
D3209013,대장용종절제처치실시유무,D,D32,D3209
D3209014,전처치재료,D,D32,D3209
D3210001,01.치핵,D,D32,D3210
D3210002,02.비특이성장염,D,D32,D3210
D3210003,03.허혈성장염,D,D32,D3210
D3210004,04.궤양성대장염,D,D32,D3210
D3210005,05.크론병,D,D32,D3210
D3210006,06.장결핵,D,D32,D3210
D3210007,07.대장게실증,D,D32,D3210
D3210008,08.대장점막하종양,D,D32,D3210
D3210009,09.림프구증식,D,D32,D3210
D3210010,10.직접기입,D,D32,D3210
D3210011,11.직접기입내역,D,D32,D3210
D3210012,대장조직진단필요,D,D32,D3212
D3210013,대장조직병형,D,D32,D3210
D3211001,1.에스결장다발성게실,D,D32,D3211
D3211002,2.대장염,D,D32,D3211
D3211003,3.치질,D,D32,D3211
A1102002,보행장애유무,A,A11,A1102
A1102003,검사방법,A,A11,A1102
A1102004,검사결과(초),A,A11,A1102
A1103001,요당백,A,A11,A1103
A1103002,요단백,A,A11,A1103
A1103003,요잠혈,A,A11,A1103
A1103004,요PH,A,A11,A1103
A1104001,혈색소수치,A,A11,A1104
A1104002,공복혈당수치,A,A11,A1104
A1104003,총콜레스테롤수치,A,A11,A1104
A1104004,중성지방수치,A,A11,A1104
A1104005,HDL-콜레스테롤수치,A,A11,A1104
A1104006,LDL-콜레스테롤수치,A,A11,A1104
A1104007,혈청크레아티닌수치,A,A11,A1104
A1104008,AST(SGOT)수치,A,A11,A1104
A1104009,ALT(SGPT)수치,A,A11,A1104
A1104010,감마지피티수치,A,A11,A1104
A1104011,일반1차<혈액검사(신사구체여과율(e-GFR))>,A,A11,A1104
C1101012,3세대구치사랑니이상,C,C11,C1101
C1101013,3세대구치사랑니이상갯수,C,C11,C1101
C1101014,(치과)병력문제,C,C11,C1101
C1101015,구강건강인식도문제,C,C11,C1101
C1101016,구강건강습관문제-구강위생,C,C11,C1101
C1101017,구강건강습관문제-불소이용,C,C11,C1101
C1101018,구강건강습관문제-설탕섭취,C,C11,C1101
C1101019,구강건강습관문제-흡연,C,C11,C1101
C1102001,염증정도,C,C11,C1102
C1102002,치석-치은연상,C,C11,C1102
C1102003,치석-치은연하,C,C11,C1102
C1102004,치은출혈/비대,C,C11,C1102
C1102005,치석,C,C11,C1102
C1102006,치아검사-우식치아,C,C11,C1102
C1102007,치아검사-인접면우식치아,C,C11,C1102
C1102008,치아검사-수복치아,C,C11,C1102
C1102009,치아검사-상실치아,C,C11,C1102
C1102010,치주질환-치은염증,C,C11,C1102
C1102011,치주질환-치석,C,C11,C1102
C1103001,고정성보철물상태,C,C11,C1103
C1103002,틀니상태,C,C11,C1103
C1103003,구강연조직이상유무,C,C11,C1103
C1104001,구강1차<치면세균막(상악우측제1대구치(16번))>,C,C11,C1104
C1104002,구강1차<치면세균막(상악우측중절치(11번))>,C,C11,C1104
C1104003,구강1차<치면세균막(상악좌측1대구치(26번))>,C,C11,C1104
C1104004,구강1차<치면세균막(하악좌측1대구치(36번))>,C,C11,C1104
C1104005,구강1차<치면세균막(하악좌측중절치(31번))>,C,C11,C1104
C1104006,구강1차<치면세균막(하악우측제1대구치(46번))>,C,C11,C1104
C1104007,구강1차<치면세균막(상악우측제1대구치(15번))>,C,C11,C1104
C1104008,구강1차<치면세균막(상악우측중절치(13번))>,C,C11,C1104
C1104009,구강1차<치면세균막(하악좌측중절치(32번))>,C,C11,C1104
C1104010,구강1차<치면세균막(하악우측제1대구치(44번))>,C,C11,C1104
C1105001,현재치아와입안이건강합니다.,C,C11,C1105
C1105002,구강1차<종합소견(바르게이닦는방법을교육받아야합니다.)>,C,C11,C1105
C1105003,치아우식증(충치)치료가필요합니다.,C,C11,C1105
C1105004,치석제거(스케일링)를받아야합니다.,C,C11,C1105
C1105005,치주질환(잇몸병)치료가필요합니다.,C,C11,C1105
C1105006,이를빼야합니다.,C,C11,C1105
C1105007,이를해넣어야(의치보철이필요)합니다.,C,C11,C1105
C1105008,의치보철물을수리하거나다시제작하여야합니다.,C,C11,C1105
C1105009,구강연조직에대한정밀한추가검사가필요합니다.,C,C11,C1105
C1106014,치주질환종류기타,C,C11,C1106
C1106015,치아마모증유무,C,C11,C1106
C1106016,제3대구치(사랑니)유무,C,C11,C1106
C1106017,제3대구치(사랑니)이상,C,C11,C1106
C1106018,구내염및구강연조직질환유무,C,C11,C1106
C1106019,약관절이상유무,C,C11,C1106
C1106020,의치상태필요유무,C,C11,C1106
C1106021,의치상태필요(상),C,C11,C1106
C1106022,의치상태필요(하),C,C11,C1106
C1106023,의치상태유(상),C,C11,C1106
C1106024,의치상태유(하),C,C11,C1106
C1106025,기타상태ANUG,C,C11,C1106
C1106026,기타상태지도설,C,C11,C1106
C1106027,기타상태과잉치,C,C11,C1106
C1106028,기타상태유치잔존,C,C11,C1106
C1106029,기타상태선천결손치,C,C11,C1106
F9004003,영유아구강검진공통<문진표평가(구강건강습관문제(설탕섭취))>,F,F90,F9004
F9004004,영유아구강검진공통<문진표평가(구강건강습관문제(구강위생))>,F,F90,F9004
F9004005,영유아구강검진공통<문진표평가(구강건강습관문제(불소이용))>,F,F90,F9004
G9001001,결핵협회시도,G,G90,G9001
A1101015,일반검진<계측검사(테스트)>,A,A11,A1101
A1112020,질환의심(R1)기타흉부질환의심,A,A11,A1112
A1112021,질환의심(R1)이상지질혈증의심,A,A11,A1112
A1112022,질환의심(R1)간장질환의심,A,A11,A1112
A1112023,질환의심(R1)신장질환의심,A,A11,A1112
A1112024,질환의심(R1)빈혈증의심,A,A11,A1112
A1112025,질환의심(R1)골다공증의심(66세인경우만),A,A11,A1112
A1112026,질환의심(R1)기타질환의심,A,A11,A1112
A1112027,질환의심(R1)기타질환의심세부,A,A11,A1112
A1112028,질환의심(R2)고혈압질환의심,A,A11,A1112
R3501017,장애인안전편의관리비,R,R35,R3501
R3502026,비정형선상피세포,R,R35,R3502
A2110019,간장질환알카리포스타파제,A,A21,A2110
A2110020,간장질환유산탈수효소(LDH),A,A21,A2110
A2110021,간장질환C형간염표면항체검사방법,A,A21,A2110
A2110022,간장질환C형간염표면항체,A,A21,A2110
A2110023,간장질환B형간염표면항원,A,A21,A2110
A2110024,간장질환B형간염표면항체,A,A21,A2110
A2110025,간장질환간염검사결과,A,A21,A2110
A2110026,간장질환검사소견,A,A21,A2110
A2110027,신장질환요침사현미경검사(RBC),A,A21,A2110
A2110028,신장질환요침사현미경검사(WBC),A,A21,A2110
A2110029,신장질환요소질소,A,A21,A2110
A2110030,신장질환크레아티닌,A,A21,A2110
A2110031,신장질환요산,A,A21,A2110
A2110032,신장질환검사소견,A,A21,A2110
A2110033,빈혈증헤마토크리트,A,A21,A2110
A2110034,빈혈증백혈구수,A,A21,A2110
A2110035,빈혈증적혈구수,A,A21,A2110
A2110036,빈혈증검사소견,A,A21,A2110
A2110037,당뇨혈당식전,A,A21,A2110
A2110038,당뇨혈당식후,A,A21,A2110
A2110039,당뇨정밀안저검사,A,A21,A2110
A2110040,당뇨검사소견,A,A21,A2110
A2110041,기타검사소견,A,A21,A2110
A2110042,기타검사내용,A,A21,A2110
A2110043,종합판정,A,A21,A2110
A2110044,종합판정유질환일반질병D2-1,A,A21,A2110
A2110045,종합판정유질환일반질병D2-2,A,A21,A2110
A2110046,종합판정유질환일반질병D2-3,A,A21,A2110
A2110047,종합판정유질환직업병D1-1,A,A21,A2110
A2110048,종합판정유질환직업병D1-2,A,A21,A2110
A2110049,종합판정유질환직업병D1-3,A,A21,A2110
A2110050,사후관리질병유소견자(건강주의C일반질병D2직업병D1),A,A21,A2110
A2110051,알파피토프로테인,A,A21,A2110
C1101001,치아우식증유무,C,C11,C1101
C1101002,치관(머리부위),C,C11,C1101
C1101003,치근(뿌리부위),C,C11,C1101
C1101004,우식증유(상),C,C11,C1101
C1101005,우식증유(하),C,C11,C1101
A2118006,비만처방(4.외식이나패스트푸드를줄이십시오),A,A21,A2118
A2118007,비만처방(5.운동처방을참고하십시오),A,A21,A2118
A2118008,비만처방(6연계(비만클리닉)),A,A21,A2118
A2118009,비만처방(7.기타),A,A21,A2118
A2118010,비만평가,A,A21,A2118
A2119001,정신건강검사,A,A21,A2119
A2119003,인지기능장애,A,A21,A2119
A2119005,정신건강검사자살자해충동여부,A,A21,A2119
A2119006,정신건강검사자살자해통보여부,A,A21,A2119
A1101014,교정청력여부,A,A11,A1101
M2110019,간장질환알카리포스타파제,M,M21,M2110
M2110020,간장질환유산탈수효소(LDH),M,M21,M2110
M2110021,간장질환C형간염표면항체검사방법,M,M21,M2110
M2110022,간장질환C형간염표면항체,M,M21,M2110
M2110023,간장질환B형간염표면항원,M,M21,M2110
M2110024,간장질환B형간염표면항체,M,M21,M2110
M2110025,간장질환간염검사결과,M,M21,M2110
M2110026,간장질환검사소견,M,M21,M2110
M2110027,신장질환요침사현미경검사(RBC),M,M21,M2110
M2110028,신장질환요침사현미경검사(WBC),M,M21,M2110
M2110029,신장질환요소질소,M,M21,M2110
M2110030,신장질환크레아티닌,M,M21,M2110
M2110031,신장질환요산,M,M21,M2110
M2110032,신장질환검사소견,M,M21,M2110
M2110033,빈혈증헤마토크리트,M,M21,M2110
M2110034,빈혈증백혈구수,M,M21,M2110
M2110035,빈혈증적혈구수,M,M21,M2110
M2110036,빈혈증검사소견,M,M21,M2110
M2110037,당뇨혈당식전,M,M21,M2110
M2110038,당뇨혈당식후,M,M21,M2110
M2110039,당뇨정밀안저검사,M,M21,M2110
M2110040,당뇨검사소견,M,M21,M2110
M2110041,기타검사소견,M,M21,M2110
M2110042,기타검사내용,M,M21,M2110
M2110043,종합판정,M,M21,M2110
M2110044,종합판정유질환일반질병D2-1,M,M21,M2110
M2110045,종합판정유질환일반질병D2-2,M,M21,M2110
M2110046,종합판정유질환일반질병D2-3,M,M21,M2110
M2110047,종합판정유질환직업병D1-1,M,M21,M2110
M2110048,종합판정유질환직업병D1-2,M,M21,M2110
M2110049,종합판정유질환직업병D1-3,M,M21,M2110
E9001001,키,E,E90,E9001
E9001002,키성장곡선,E,E90,E9001
E9001003,키판정,E,E90,E9001
E9001004,몸무게,E,E90,E9001
E9001005,몸무게성장곡선,E,E90,E9001
E9001006,몸무게판정,E,E90,E9001
E9001007,머리둘레,E,E90,E9001
E9001008,머리둘레성장곡선,E,E90,E9001
E9001009,머리둘레판정,E,E90,E9001
E9001010,체질량지수,E,E90,E9001
E9001011,체질량지수성장지수,E,E90,E9001
E9001012,체질량지수판정,E,E90,E9001
E9002001,신체관찰소견전신상태,E,E90,E9002
E9002002,신체관찰소견머리,E,E90,E9002
E9002003,신체관찰소견안면,E,E90,E9002
E9002004,신체관찰소견눈,E,E90,E9002
E9002005,신체관찰소견코,E,E90,E9002
E9002006,신체관찰소견귀,E,E90,E9002
E9002007,신체관찰소견구강목,E,E90,E9002
E9002008,신체관찰소견폐,E,E90,E9002
E9002009,신체관찰소견심장,E,E90,E9002
E9002010,신체관찰소견복부,E,E90,E9002
E9002011,신체관찰소견생식기,E,E90,E9002
A2109013,건강주의4.간장질환주의,A,A21,A2109
A2109014,건강주의5.당뇨질환주의,A,A21,A2109
A2109015,건강주의6.신장질환주의,A,A21,A2109
A2109016,건강주의7.빈혈증주의,A,A21,A2109
A2109017,건강주의8.기타질환주의,A,A21,A2109
A2109018,유질환1.폐결핵,A,A21,A2109
A2109019,유질환2.기타흉부질환,A,A21,A2109
A2109020,유질환3.고혈압,A,A21,A2109
A2109021,유질환4.고지혈증,A,A21,A2109
D3601001,ALT(SGPT:혈청지피티),D,D36,D3601
D3602001,B형간염검사방법,D,D36,D3602
D3602002,B형간염검사결과(일반/정밀),D,D36,D3602
D3602003,ALT및B형간염항원판정,D,D36,D3602
D3602004,B형간염검사수치(정밀),D,D36,D3602
D3602005,B형간염기준치(정밀),D,D36,D3602
D3603001,C형간염검사방법,D,D36,D3603
D3603002,C형간염검사결과(일반/정밀),D,D36,D3603
D3603003,C형간염검사수치(정밀),D,D36,D3603
E9005003,건강교육수면(4개월만실시),E,E90,E9005
E9005004,건강교육구강(9개월만실시),E,E90,E9005
E9005005,건강교육취학전교육(5세만실시),E,E90,E9005
E9005006,건강교육대소변가리기(2세만실시),E,E90,E9005
E9005007,건강교육정서및사회성(3세만실시),E,E90,E9005
E9005008,건강교육개인위생(4세만실시),E,E90,E9005
E9005009,건강교육간접흡연,E,E90,E9005
E9005010,건강교육영유아돌연사증후군예방(4개월만실시),E,E90,E9005
E9005011,건강교육전자미디어노출(3세만실시),E,E90,E9005
E9006001,발달평가종류,E,E90,E9006
E9006002,발달평가유형(개월),E,E90,E9006
M1105002,B형간염표면항원결과,M,M11,M1105
M1105003,B형간염표면항체검사유형,M,M11,M1105
M1105004,B형간염표면항체결과,M,M11,M1105
M1105005,B형간염표면항체정밀수치,M,M11,M1105
M1105006,간염검사결과,M,M11,M1105
M1105007,B형간염표면항원정밀수치,M,M11,M1105
M1105008,B형간염표면항원정밀기준치,M,M11,M1105
M1105009,B형간염표면항체정밀기준치,M,M11,M1105
M1106001,흉부방사선검사촬영구분,M,M11,M1106
M1106002,흉부방사선검사결과,M,M11,M1106
M1107001,수탁의뢰여부,M,M11,M1107
M1107002,의뢰기관기호,M,M11,M1107
M1107003,골밀도검사방법,M,M11,M1107
M1107004,골밀도검사결과,M,M11,M1107
M1107005,골밀도검사수치,M,M11,M1107
M1108001,심전도검사,M,M11,M1108
M1109001,과거병력진단여부,M,M11,M1109
M1109002,과거병력약물치료여부,M,M11,M1109
M1109003,생활습관흡연,M,M11,M1109
M1109004,생활습관음주,M,M11,M1109
M1109005,생활습관운동,M,M11,M1109
M1109006,생활습관체중,M,M11,M1109
M1109007,외상및휴유증여부,M,M11,M1109
M1109008,일반상태,M,M11,M1109
M1109009,우울증(기분상태),M,M11,M1109
M1109010,인지기능장애,M,M11,M1109
M1110001,과거병력기존질병유무,M,M11,M1110
M1110002,기존질병1.뇌졸증,M,M11,M1110
M1110003,기존질병1.심장병,M,M11,M1110
M1110004,기존질병1.고혈압,M,M11,M1110
M1110005,기존질병1.당뇨병,M,M11,M1110
A1112053,정상/경계(B)비활동성폐결핵,A,A11,A1112
A1112054,질환의심(R1)난청,A,A11,A1112
A1112055,질환의심(R1)비만,A,A11,A1112
D3116002,장애인안전편의관리비(위내시경),D,D31,D3116
D3216002,장애인안전편의관리비(대장조영),D,D32,D3216
D3216003,장애인안전편의관리비(대장내시경),D,D32,D3216
D3101003,위장조영검사조영제,D,D31,D3101
A1101001,신장,A,A11,A1101
A2109022,유질환5.간장질환,A,A21,A2109
A2109023,유질환6.당뇨질환,A,A21,A2109
A2109024,유질환7.신장질환,A,A21,A2109
A2109025,유질환8.빈혈증,A,A21,A2109
A2109026,유질환9.기타질환,A,A21,A2109
A2109027,일반질병D2-1,A,A21,A2109
A2109028,일반질병D2-2,A,A21,A2109
A2109029,일반질병D2-3,A,A21,A2109
A2109030,직업병D1-1,A,A21,A2109
A2109031,직업병D1-2,A,A21,A2109
A2109032,직업병D1-3,A,A21,A2109
A2109033,사후관리질병유소견(일반질병D2직업병D1),A,A21,A2109
A2110001,폐결핵및기타흉부질환흉부방사선검사촬영구분,A,A21,A2110
A2110002,폐결핵및기타흉부질환흉부방사선검사(직접촬영),A,A21,A2110
A2110003,결핵균집균도말검사,A,A21,A2110
A2110004,결핵협회검사의뢰여부,A,A21,A2110
A2110005,폐결핵검사소견,A,A21,A2110
A2110006,기타흉부검사소견,A,A21,A2110
A2110007,순환기계혈압최고,A,A21,A2110
A2110008,순환기계혈압최저,A,A21,A2110
A2110009,순환기계정밀안저검사,A,A21,A2110
A2110010,순환기계심전도검사,A,A21,A2110
A2110011,순환기계검사소견,A,A21,A2110
A2110012,고지혈증중성지방,A,A21,A2110
A2110013,고지혈증HDL콜레스테롤,A,A21,A2110
A2110014,고지혈증검사소견,A,A21,A2110
A2110015,간장질환알부민,A,A21,A2110
A2110016,간장질환총단백정량,A,A21,A2110
A2110017,간장질환총빌리루빈,A,A21,A2110
A2110018,간장질환직접빌리루빈,A,A21,A2110
R3501001,검체상태,R,R35,R3501
R3501002,자궁경부선상피세포,R,R35,R3501
R3501003,유형별진단,R,R35,R3501
R3501004,편평상피세포이상,R,R35,R3501
R3501005,비정형편평상피세포,R,R35,R3501
R3501006,선상피세포이상,R,R35,R3501
R3501007,선상피세포이상기타,R,R35,R3501
R3501008,유형별진단기타,R,R35,R3501
R3501009,추가소견,R,R35,R3501
R3501010,기타추가소견,R,R35,R3501
R3501011,종합판정,R,R35,R3501
R3501012,기존자궁경부암환자,R,R35,R3501
R3501013,기타내역,R,R35,R3501
R3501014,자궁경부암진찰료포함여부,R,R35,R3501
R3502000,중복자궁,R,R35,R3502
A2102004,고혈압기왕력자,A,A21,A2102
D3303003,2.상내측,D,D33,D3303
D3303004,3.하외측,D,D33,D3303
D3303005,4.하내측,D,D33,D3303
D3303006,5.유두하부,D,D33,D3303
D3303007,6.액와부,D,D33,D3303
D3303008,7.직접기입,D,D33,D3303
D3303009,8.직접기입내역,D,D33,D3303
D3303010,1.상외측,D,D33,D3303
D3303011,2.상내측,D,D33,D3303
A1110004,기존질병1.고혈압,A,A11,A1110
A1110005,기존질병1.당뇨병,A,A11,A1110
A1110006,기존질병1.고지혈증,A,A11,A1110
A1110007,기존질병1.기타,A,A11,A1110
M2101002,공복혈당결과,M,M21,M2101
M2101003,진단결과,M,M21,M2101
M2101004,당뇨병기왕력자,M,M21,M2101
M2101005,치료계획,M,M21,M2101
M2102001,혈압측정:최고,M,M21,M2102
M2102002,혈압측정:최저,M,M21,M2102
M2102003,진단결과,M,M21,M2102
M2102004,고혈압기왕력자,M,M21,M2102
M2102005,치료계획,M,M21,M2102
M2103001,흡연니코틴의존도,M,M21,M2103
M2103002,흡연처방,M,M21,M2103
M2103003,흡연평가점수,M,M21,M2103
M2104001,음주평가,M,M21,M2104
M2104002,음주처방,M,M21,M2104
M2104003,음주평가점수,M,M21,M2104
M2105001,운동평가,M,M21,M2105
M2105002,운동처방종류,M,M21,M2105
M2105003,운동처방(시간),M,M21,M2105
M2105004,운동처방(빈도횟수),M,M21,M2105
M2105005,운동평가점수,M,M21,M2105
M2106001,영양평가,M,M21,M2106
M2106002,영양처방(권장음식)유제품,M,M21,M2106
M2106003,영양처방(권장음식)단백질류,M,M21,M2106
M2106004,영양처방(권장음식)야채와과일,M,M21,M2106
M2106005,영양처방(제한음식)지방,M,M21,M2106
M2106006,영양처방(제한음식)단순당,M,M21,M2106
M2106007,영양처방(제한음식)염분(소금),M,M21,M2106
M2106008,영양처방(올바른식사습관)아침식사거르지않기,M,M21,M2106
M2106009,영양처방(올바른식사습관)골고루먹기,M,M21,M2106
M2106010,영양처방(연계(영양교실),M,M21,M2106
M2106011,영양평가점수,M,M21,M2106
M2107001,체질량지수,M,M21,M2107
M2107002,허리둘레,M,M21,M2107
M2107003,비만처방(1.식사량을줄이십시오),M,M21,M2107
M2107004,비만처방(2.간식과야식을줄이십시오),M,M21,M2107
M2107005,비만처방(3.음주량과횟수를줄이십시오),M,M21,M2107
M2107006,비만처방(4.외식이나패스트푸드를줄이십시오),M,M21,M2107
M2107007,비만처방(5.운동처방을참고하십시오),M,M21,M2107
M2107008,비만처방(6연계(비만클리닉)),M,M21,M2107
M2107009,비만처방(7.기타),M,M21,M2107
M2108001,우울증CES-D(40),M,M21,M2108
M2108002,노인성우울증GDS단축판(66),M,M21,M2108
M2108003,인지기능장애KDSQ-C(667074),M,M21,M2108
M2108004,우울증CES-D(40)-점수,M,M21,M2108
D3605030,2.다발성결정형,D,D36,D3605
D3605031,3.대종괴형,D,D36,D3605
D3605032,4.미만형,D,D36,D3605
D3605033,1.정상,D,D36,D3605
D3605034,2.주문맥,D,D36,D3605
D3604009,병변위치2.II,D,D36,D3604
D3604010,병변위치3.III,D,D36,D3604
D3604011,병변위치4.IV,D,D36,D3604
D3604012,병변위치5.V,D,D36,D3604
D3604013,병변위치6.VI,D,D36,D3604
D3604014,병변위치7.VII,D,D36,D3604
D3604015,병변위치8.VIII,D,D36,D3604
D3604016,간초음파검사관찰소견간암의심병변크기,D,D36,D3604
D3604017,관찰소견기타1.담관확장,D,D36,D3604
D3604018,관찰소견기타2.간내석회화,D,D36,D3604
D3604019,관찰소견기타3.복수,D,D36,D3604
D3604020,관찰소견기타4.비장종대,D,D36,D3604
D3604021,관찰소견기타5.직접기입,D,D36,D3604
D3604022,관찰소견기타6.직접기입내역,D,D36,D3604
D3604023,초음파검사병형,D,D36,D3604
D3604024,간초음파검사검사소견(1set),D,D36,D3604
D3604025,간초음파검사검사소견(2set),D,D36,D3604
D3604026,간초음파검사검사소견(3set),D,D36,D3604
D3604027,간초음파검사검사소견(4set),D,D36,D3604
D3604028,간초음파검사검사소견(5set),D,D36,D3604
D3604029,간초음파검사검사소견(6set),D,D36,D3604
D3604030,간초음파검사검사소견(7set),D,D36,D3604
D3604031,병변위치1cm미만종괴1.I,D,D36,D3604
D3604032,병변위치1cm미만종괴2.II,D,D36,D3604
D3604033,병변위치1cm미만종괴3.III,D,D36,D3604
D3604034,병변위치1cm미만종괴4.IV,D,D36,D3604
D3604035,병변위치1cm미만종괴5.V,D,D36,D3604
D3604036,병변위치1cm미만종괴6.VI,D,D36,D3604
D3604037,병변위치1cm미만종괴7.VII,D,D36,D3604
D3604038,병변위치1cm미만종괴8.VIII,D,D36,D3604
D3604039,병변위치1cm이상종괴1.I,D,D36,D3604
D3604040,병변위치1cm이상종괴2.II,D,D36,D3604
D3604041,병변위치1cm이상종괴3.III,D,D36,D3604
D3604042,병변위치1cm이상종괴4.IV,D,D36,D3604
D3604043,병변위치1cm이상종괴5.V,D,D36,D3604
D3604044,병변위치1cm이상종괴6.VI,D,D36,D3604
D3604045,병변위치1cm이상종괴7.VII,D,D36,D3604
D3604046,병변위치1cm이상종괴8.VIII,D,D36,D3604
D3604047,간초음파검사검사소견간종괴병변크기1,D,D36,D3604
A1111003,병력유형2.고혈압,A,A11,A1111
A1111004,병력유형3.뇌졸증,A,A11,A1111
A1111005,병력유형4.심장병,A,A11,A1111
A1111006,병력유형5.당뇨병,A,A11,A1111
A1111007,병력유형6.암,A,A11,A1111
A1111008,병력유형7.기타,A,A11,A1111
A1111009,생활습관구분,A,A11,A1111
A1111010,개선필요1.음주,A,A11,A1111
A1111011,개선필요2.흡연,A,A11,A1111
A1111012,개선필요3.운동,A,A11,A1111
A1111013,개선필요4.체중,A,A11,A1111
A1111014,개선필요5.음식,A,A11,A1111
A1111015,진찰소견외상후유증,A,A11,A1111
A1111016,진찰소견일반상태,A,A11,A1111
A1112029,질환의심(R2)당뇨질환의심,A,A11,A1112
A1112030,유질환자(D)고혈압,A,A11,A1112
A1112031,유질환자(D)당뇨,A,A11,A1112
A1112032,유질환자(D)이상지질혈증,A,A11,A1112
A1112033,유질환자(D)폐결핵,A,A11,A1112
A1112034,유질환(직장)일반질병D2-1,A,A11,A1112
A1112035,유질환(직장)일반질병D2-2,A,A11,A1112
A1112036,유질환(직장)일반질병D2-3,A,A11,A1112
A1112037,유질환(직장)직업병D1-1,A,A11,A1112
A1112038,유질환(직장)직업병D1-2,A,A11,A1112
A1112039,유질환(직장)직업병D1-3,A,A11,A1112
A1112040,"일반1차<종합판정(사후조치(직업병D1,일반질병D2))>",A,A11,A1112
A1112041,2004년기타질환,A,A11,A1112
A1112042,종합판정건강주의,A,A11,A1112
A1112043,폐결핵,A,A11,A1112
A1112044,간장질환,A,A11,A1112
A1112045,빈혈증,A,A11,A1112
A1112046,기타질환,A,A11,A1112
A1112047,2008년종합판정,A,A11,A1112
A1112048,질환의심(R1)고혈압의심,A,A11,A1112
A1112049,질환의심(R1)당뇨질환의심,A,A11,A1112
A1112050,정상/경계(B)부인과질환관리,A,A11,A1112
A1112051,질환의심(R1)부인과질환의심,A,A11,A1112
A1112052,질환의심(R1)자궁경부암의심,A,A11,A1112
A1113001,검체상태,A,A11,A1113
A1113002,자궁경부선상피세포(유무),A,A11,A1113
A1113003,유형별진단(유형),A,A11,A1113
A1113004,편평상피세포이상,A,A11,A1113
A1113005,선상피세포이상,A,A11,A1113
A1113006,선상피세포이상기타,A,A11,A1113
A1113007,추가소견,A,A11,A1113
A1113008,추가소견기타,A,A11,A1113
A1113009,종합판정,A,A11,A1113
A1113010,의심()개월후재검대상,A,A11,A1113
A1113011,기타질환()치료대상,A,A11,A1113
A1113012,재검진결과변동,A,A11,A1113
A1113013,장애인안전편의관리비,A,A11,A1113
A1114001,흡연니코틴의존도,A,A11,A1114
A1114002,흡연처방,A,A11,A1114
M1104006,LDL-콜레스테롤수치,M,M11,M1104
M1104007,혈청크레아티닌수치,M,M11,M1104
M1104008,AST(SGOT)수치,M,M11,M1104
M1104009,ALT(SGPT)수치,M,M11,M1104
M1104010,감마지피티수치,M,M11,M1104
M1104011,일반1차<혈액검사(신사구체여과율(e-GFR))>,M,M11,M1104
M1104012,일반1차<혈액검사(LDL-콜레스테롤실측정값)>,M,M11,M1104
M1104013,일반1차<혈액검사(신사구체여과율(e-GFR)산출방법)>,M,M11,M1104
M1105001,B형간염항원검사유형,M,M11,M1105
M1113011,기타질환()치료대상,M,M11,M1113
M2101001,혈당측정방법,M,M21,M2101
A1101002,체중,A,A11,A1101
A1101003,허리둘레,A,A11,A1101
A1101004,체질량,A,A11,A1101
A1101005,시각(좌),A,A11,A1101
A1101006,시각(우),A,A11,A1101
A1101007,청각(좌),A,A11,A1101
A1101008,청각(우),A,A11,A1101
D3702020,폐암폐결절크기3-1,D,D37,D3702
D3702021,폐암폐결절크기3-2,D,D37,D3702
D3702022,폐암폐결절특징3,D,D37,D3702
D3702023,폐암폐결절추적검사소견3,D,D37,D3702
D3702024,폐암폐결절추적검사소견3-1,D,D37,D3702
D3702025,폐암폐결절유무4,D,D37,D3702
D3702026,폐암폐결절성상4,D,D37,D3702
D3702027,폐암폐결절위치4,D,D37,D3702
D3702028,폐암폐결절크기4-1,D,D37,D3702
D3702029,폐암폐결절크기4-2,D,D37,D3702
D3702030,폐암폐결절특징4,D,D37,D3702
D3702031,폐암폐결절추적검사소견4,D,D37,D3702
D3702032,폐암폐결절추적검사소견4-1,D,D37,D3702
D3702033,폐암폐결절유무5,D,D37,D3702
D3702034,폐암폐결절성상5,D,D37,D3702
D3702035,폐암폐결절위치5,D,D37,D3702
D3702036,폐암폐결절크기5-1,D,D37,D3702
D3702037,폐암폐결절크기5-2,D,D37,D3702
D3702038,폐암폐결절특징5,D,D37,D3702
D3702039,폐암폐결절추적검사소견5,D,D37,D3702
D3702040,폐암폐결절추적검사소견5-1,D,D37,D3702
D3702041,폐암폐결절유무6,D,D37,D3702
D3702042,폐암폐결절성상6,D,D37,D3702
D3702043,폐암폐결절위치6,D,D37,D3702
D3702044,폐암폐결절크기6-1,D,D37,D3702
D3702045,폐암폐결절크기6-2,D,D37,D3702
D3702046,폐암폐결절특징6,D,D37,D3702
D3702047,폐암폐결절추적검사소견6,D,D37,D3702
D3702048,폐암폐결절추적검사소견6-1,D,D37,D3702
D3703001,폐암폐결절외기도결절유무,D,D37,D3703
D3703002,폐암폐결절외기도결절위치직접기술,D,D37,D3703
D3703003,폐암폐결절외폐암시사소견,D,D37,D3703
D3703004,폐암폐결절외폐암시사소견직접기술,D,D37,D3703
D3703005,폐암폐결절외의미있는소견1.없음,D,D37,D3703
D3703006,폐암폐결절외의미있는소견2.관상동맥석회화(중증도이상),D,D37,D3703
D3703007,폐암폐결절외의미있는소견3.폐기종(중등도이상),D,D37,D3703
D3703008,폐암폐결절외의미있는소견4.간질성폐이상,D,D37,D3703
D3703009,폐암폐결절외의미있는소견5.폐렴및활동성폐결핵,D,D37,D3703
D3703010,폐암폐결절외의미있는소견6.폐외악성물,D,D37,D3703
D3703011,폐암폐결절외의미있는소견7.대동맥류,D,D37,D3703
D3211004,4.항문및직장의용종,D,D32,D3211
D3211005,5.특발성항문대장염,D,D32,D3211
D3211006,6.간디스토마,D,D32,D3211
D3211007,7.변비,D,D32,D3211
D3211008,8.직장의악성신생물,D,D32,D3211
D3211009,9.기타,D,D32,D3211
D3211010,1.상행결장,D,D32,D3211
D3211011,2.간만곡,D,D32,D3211
D3211012,3.횡행결장,D,D32,D3211
D3211013,4.비만곡,D,D32,D3211
D3211014,5.하행결장,D,D32,D3211
D3211015,6.에스결장,D,D32,D3211
D3211016,7.직장,D,D32,D3211
D3211017,8.기타,D,D32,D3211
D3211018,결장경검사부위기타,D,D32,D3211
D3211019,조직검사여부,D,D32,D3211
D3212001,대장조직진단,D,D32,D3212
D3212002,대장암조직검사결과암종상세,D,D32,D3212
F9001017,하(좌)(46(4세5세만)),F,F90,F9001
F9001018,하(좌)(85),F,F90,F9001
F9001019,하(좌)(84),F,F90,F9001
F9001020,하(좌)(83),F,F90,F9001
F9001021,하(좌)(82),F,F90,F9001
F9001022,하(좌)(81),F,F90,F9001
C1105010,기타______가필요합니다.,C,C11,C1105
C1105011,종합소견기타내역,C,C11,C1105
C1105012,약관절질환치료가필요합니다.,C,C11,C1105
C1105013,응급구강진료가필요합니다.,C,C11,C1105
C1105014,보다정밀한추가검사가필요하다,C,C11,C1105
C1105015,종합판정,C,C11,C1105
C1106001,우식증유무,C,C11,C1106
C1106002,우식증유(상),C,C11,C1106
C1106003,우식증유(하),C,C11,C1106
C1106004,우식발생치아위험유무,C,C11,C1106
C1106005,우식발생치아위험유(상),C,C11,C1106
C1106006,우식발생치아위험유(하),C,C11,C1106
C1106007,결손치유무,C,C11,C1106
C1106008,결손치상,C,C11,C1106
C1106009,결손치하,C,C11,C1106
C1106010,치주질환유무,C,C11,C1106
C1106011,치주질환종류치은비대,C,C11,C1106
C1106012,치주질환종류치석,C,C11,C1106
C1106013,치주질환종류치주낭,C,C11,C1106
E9002012,신체관찰소견사지,E,E90,E9002
E9002013,신체관찰소견척추,E,E90,E9002
E9002014,신체관찰소견신경,E,E90,E9002
E9002015,신체관찰소견피부,E,E90,E9002
E9002016,신체진찰소견고막,E,E90,E9002
E9002017,신체진찰소견머리/안면,E,E90,E9002
E9002018,신체진찰소견구강,E,E90,E9002
A1101009,혈압(최고),A,A11,A1101
A1101010,혈압(최저),A,A11,A1101
A1101011,비만도,A,A11,A1101
A1101012,일반1차<계측검사(가슴둘레)>,A,A11,A1101
A1101013,교정시력여부,A,A11,A1101
A1102001,일어나3m돌아와앉기(초),A,A11,A1102
M2109018,유질환1.폐결핵,M,M21,M2109
M2109019,유질환2.기타흉부질환,M,M21,M2109
M2109020,유질환3.고혈압,M,M21,M2109
M2109021,유질환4.고지혈증,M,M21,M2109
A1110008,가족병력가족력유무,A,A11,A1110
A1110009,가족력1.뇌졸증,A,A11,A1110
A1110010,가족력1.심장병,A,A11,A1110
A1110011,가족력1.고혈압,A,A11,A1110
A1110012,가족력1.당뇨병,A,A11,A1110
A1110013,예방접종(B형간염항체)유무,A,A11,A1110
A1110014,예방접종(독감인플루엔자)여부,A,A11,A1110
A1110015,생활습관흡연,A,A11,A1110
A1110016,생활습관음주,A,A11,A1110
A1110017,생활습관운동,A,A11,A1110
A1111001,과거병력유무,A,A11,A1111
A1111002,병력유형1.간장질환,A,A11,A1111
D3213003,01.샘암종(고분화),D,D32,D3213
D3213004,02.점액(샘)암종,D,D32,D3213
D3213005,03.반지세포암종,D,D32,D3213
D3213006,04.샘편평상피암종,D,D32,D3213
D3213007,05.편평상피암종,D,D32,D3213
D3213008,06.소세포암종,D,D32,D3213
D3213009,07.수질암종,D,D32,D3213
D3213010,08.미분화암종,D,D32,D3213
D3213011,09.악성림프종,D,D32,D3213
D3213012,10.신경내분비종양,D,D32,D3213
D3213013,11.직접기입,D,D32,D3213
D3213014,12.직접기입내역,D,D32,D3213
D3213015,01.샘암종(중분화),D,D32,D3213
D3213016,01.샘암종(저분화),D,D32,D3213
D3214001,1.신경내분비종양,D,D32,D3214
D3214002,2.비상피성종양,D,D32,D3214
D3214003,3.항문암,D,D32,D3214
D3214004,4.말단회장부위암,D,D32,D3214
D3214005,5.직접기입,D,D32,D3214
D3214006,6.직접기입내역,D,D32,D3214
D3215001,대장암종합판정,D,D32,D3215
D3215002,기존대장암환자,D,D32,D3215
D3215003,기타질환,D,D32,D3215
D3215004,대장암진찰료포함여부,D,D32,D3215
D3215005,의심()개월후재검대상,D,D32,D3215
D3216001,장애인안전편의관리비(대장분변잠혈),D,D32,D3216
D3217001,맹장삽입여부,D,D32,D3217
D3217002,장정결도,D,D32,D3217
D3301001,유방실질분포량,D,D33,D3301
D3301002,촬영검사방법,D,D33,D3301
D3301003,촬영부위구분,D,D33,D3301
D3302001,판독소견(1set),D,D33,D3302
D3302002,1.상외측,D,D33,D3302
D3302003,2.상내측,D,D33,D3302
D3302004,3.하외측,D,D33,D3302
D3302005,4.하내측,D,D33,D3302
D3302006,5.유두하부,D,D33,D3302
D3302007,6.액와부,D,D33,D3302
D3302008,7.직접기입,D,D33,D3302
D3302009,8.직접기입내역,D,D33,D3302
D3302010,1.상외측,D,D33,D3302
D3302011,2.상내측,D,D33,D3302
D3302012,3.하외측,D,D33,D3302
M2108005,노인성우울증GDS단축판(66)-점수,M,M21,M2108
M2108006,인지기능장애KDSQ-C(667074)-점수,M,M21,M2108
M2109001,종합판정,M,M21,M2109
M2109002,경계1.비만관리,M,M21,M2109
M2109003,경계2.혈압관리,M,M21,M2109
F9001030,최하(좌)(41(5세만)),F,F90,F9001
F9001031,최하(우)(31(5세만)),F,F90,F9001
F9001032,최하(우)(32(5세만)),F,F90,F9001
F9002001,치아치료(필요여부),F,F90,F9002
F9002002,치아치료(내용),F,F90,F9002
F9002003,예방치료(필요여부),F,F90,F9002
F9002004,예방치료(내용),F,F90,F9002
E9006003,발달평가보호자염려사항유무,E,E90,E9006
E9006004,발달평가보호자염려사항,E,E90,E9006
E9006005,발달평가판정,E,E90,E9006
E9006006,발달평가의사소통,E,E90,E9006
E9006007,발달평가대근육운동,E,E90,E9006
E9006008,발달평가소근육운동,E,E90,E9006
E9006009,발달평가문제해결,E,E90,E9006
E9006010,발달평가개인.사회성,E,E90,E9006
E9006011,발달평가운동,E,E90,E9006
E9006012,발달평가언어,E,E90,E9006
E9006013,발달평가자조기술,E,E90,E9006
E9006014,발달평가유형(개월)K-DST,E,E90,E9006
E9006015,발달평가추가질문유무K-DST,E,E90,E9006
E9006016,발달평가추가질문문항K-DST,E,E90,E9006
E9006017,발달평가판정K-DST,E,E90,E9006
E9006018,발달평가대근육운동(추적요망)K-DST,E,E90,E9006
E9006019,발달평가소근육운동(추적요망)K-DST,E,E90,E9006
E9006020,발달평가인지(추적요망)K-DST,E,E90,E9006
E9006021,발달평가언어(추적요망)K-DST,E,E90,E9006
E9006022,발달평가사회성(추적요망)K-DST,E,E90,E9006
E9006023,발달평가자조(추적요망)K-DST,E,E90,E9006
E9006024,발달평가대근육운동(심화평가)K-DST,E,E90,E9006
E9006025,발달평가소근육운동(심화평가)K-DST,E,E90,E9006
E9006026,발달평가인지(심화평가)K-DST,E,E90,E9006
E9006027,발달평가언어(심화평가)K-DST,E,E90,E9006
E9006028,발달평가사회성(심화평가)K-DST,E,E90,E9006
E9006029,발달평가자조(심화평가)K-DST,E,E90,E9006
E9006030,발달평가추가질문운동발달,E,E90,E9006
E9006031,발달평가추가질문언어발달,E,E90,E9006
E9006032,발달평가추가질문사회성발달,E,E90,E9006
E9007001,종합판정,E,E90,E9007
E9008001,감염,E,E90,E9008
F9001001,최상(좌)(12(5세만),F,F90,F9001
F9001002,최상(좌)(11(5세만),F,F90,F9001
F9001003,최상(우)(21(5세만),F,F90,F9001
F9001004,최상(우)(22(5세만),F,F90,F9001
F9001005,상(좌)(16(4세5세만),F,F90,F9001
F9001006,상(좌)(55),F,F90,F9001
F9001007,상(좌)(54),F,F90,F9001
F9001008,상(좌)(53),F,F90,F9001
F9001009,상(좌)(52),F,F90,F9001
F9001010,상(좌)(51),F,F90,F9001
F9001011,상(우)(61),F,F90,F9001
F9001012,상(우)(62),F,F90,F9001
F9001013,상(우)(63),F,F90,F9001
F9001014,상(우)(64),F,F90,F9001
F9001015,상(우)(65),F,F90,F9001
F9001016,상(우)(26(4세5세만)),F,F90,F9001
C1106030,기타상태부정교합,C,C11,C1106
C1106031,기타상태기타,C,C11,C1106
C1106032,종합정상,C,C11,C1106
C1106033,종합치아우식증(충치)치료가필요합니다.,C,C11,C1106
C1106034,종합이를해넣어야합니다.,C,C11,C1106
C1106035,종합치석제거(스케일링)가필요합니다.,C,C11,C1106
C1106036,종합잇몸수술이필요합니다.,C,C11,C1106
C1106037,종합이를빼야합니다.,C,C11,C1106
C1106038,종합구강연조직질환을치료해야합니다.,C,C11,C1106
C1106039,종합악관절이상을치료해야합니다.,C,C11,C1106
C1106040,종합틀니를해넣어야합니다.,C,C11,C1106
A2114001,흡연니코틴의존도,A,A21,A2114
A2114002,흡연처방,A,A21,A2114
A2114003,흡연평가점수,A,A21,A2114
A2114004,흡연평가,A,A21,A2114
A2115001,음주평가,A,A21,A2115
A2115002,음주처방,A,A21,A2115
A2115003,음주평가점수,A,A21,A2115
A2116001,운동평가,A,A21,A2116
A2116002,운동처방종류,A,A21,A2116
A2116003,운동처방(시간),A,A21,A2116
A2116004,운동처방(빈도횟수),A,A21,A2116
A2116005,운동평가점수,A,A21,A2116
A2117001,영양평가,A,A21,A2117
A2117002,영양처방(권장음식)유제품,A,A21,A2117
A2117003,영양처방(권장음식)단백질류,A,A21,A2117
A2117004,영양처방(권장음식)야채,A,A21,A2117
A2117005,영양처방(제한음식)지방,A,A21,A2117
A2117006,영양처방(제한음식)단순당,A,A21,A2117
A2117007,영양처방(제한음식)염분(소금),A,A21,A2117
A2117008,영양처방(올바른식사습관)아침식사거르지않기,A,A21,A2117
A2117009,영양처방(올바른식사습관)골고루먹기,A,A21,A2117
A2117010,영양처방(연계(영양교실),A,A21,A2117
A2117011,영양평가점수,A,A21,A2117
A2118003,비만처방(1.식사량을줄이십시오),A,A21,A2118
A2118004,비만처방(2.간식과야식을줄이십시오),A,A21,A2118
A2118005,비만처방(3.음주량과횟수를줄이십시오),A,A21,A2118
D3701003,폐암촬영일자년,D,D37,D3701
D3701004,폐암촬영일자월,D,D37,D3701
D3701005,폐암촬영일자일,D,D37,D3701
D3701006,폐암선량,D,D37,D3701
D3702001,폐암폐결절유무1,D,D37,D3702
D3702002,폐암폐결절성상1,D,D37,D3702
D3702003,폐암폐결절위치1,D,D37,D3702
D3114005,십이지장궤양,D,D31,D3114
D3114006,십이지장암종,D,D31,D3114
D3114007,십이지장점막하종양,D,D31,D3114
D3114008,직접기입,D,D31,D3114
D3114009,직접기입내역,D,D31,D3114
D3115001,위암종합판정,D,D31,D3115
D3115002,기존위암환자,D,D31,D3115
D3115003,위암종합판정기타,D,D31,D3115
D3115004,위암진찰료포함여부,D,D31,D3115
D3115005,의심()개월후재검대상,D,D31,D3115
D3115006,재검진결과변동,D,D31,D3115
D3116001,장애인안전편의관리비(위조영),D,D31,D3116
D3201001,대장암분변잠혈반응검사방법(정성/정량),D,D32,D3201
D3201002,대장암분변잠혈반응검사결과(음성/양성),D,D32,D3201
D3201003,분변잠혈반응정량검사기준치,D,D32,D3201
D3207004,03.상행결장,D,D32,D3207
D3302013,4.하내측,D,D33,D3302
D3302014,5.유두하부,D,D33,D3302
D3302015,6.액와부,D,D33,D3302
D3302016,7.직접기입,D,D33,D3302
D3302017,8.직접기입내역,D,D33,D3302
D3303001,판독소견(2set),D,D33,D3303
D3303002,1.상외측,D,D33,D3303
D3304018,유방촬영판독소견,D,D33,D3304
D3305001,1.좌상외,D,D33,D3305
D3305002,2.좌상내,D,D33,D3305
D3305003,3.좌하외,D,D33,D3305
D3305004,4.좌하내,D,D33,D3305
D3305005,5.좌유륜,D,D33,D3305
D3305006,6.좌12시,D,D33,D3305
D3305007,7.좌3시,D,D33,D3305
D3305008,8.좌6시,D,D33,D3305
D3305009,9.좌9시,D,D33,D3305
D3305010,10.우상외,D,D33,D3305
D3305011,11.우상내,D,D33,D3305
D3305012,12.우하외,D,D33,D3305
D3305013,13.우하내,D,D33,D3305
D3305014,14.우유륜,D,D33,D3305
D3305015,15.우12시,D,D33,D3305
D3305016,16.우3시,D,D33,D3305
D3305017,17.우6시,D,D33,D3305
D3305018,18.우9시,D,D33,D3305
D3305019,19.기타,D,D33,D3305
D3305020,20.기타부위,D,D33,D3305
D3305021,단순촬영병형,D,D33,D3305
D3305022,조직검사실시여부,D,D33,D3305
D3305023,조작검사결과,D,D33,D3305
D3305024,조직검사결과기타,D,D33,D3305
D3306001,종합판정,D,D33,D3306
D3306002,종합판정기타질환,D,D33,D3306
D3306003,기존유방암환자,D,D33,D3306
D3306004,유방암진찰료포함여부,D,D33,D3306
D3306005,의심()개월후재검대상,D,D33,D3306
D3307001,장애인안전편의관리비,D,D33,D3307
D3401001,ALT(SGPT:혈청지피티),D,D34,D3401
D3402001,B형간염검사방법,D,D34,D3402
D3402002,B형간염검사결과(일반/정밀),D,D34,D3402
D3402003,ALT및B형간염항원판정,D,D34,D3402
D3402004,B형간염검사수치(정밀),D,D34,D3402
D3402005,B형간염기준치(정밀),D,D34,D3402
D3403001,C형간염검사방법,D,D34,D3403
D3403002,C형간염검사결과(일반/정밀),D,D34,D3403
D3403003,C형간염검사수치(정밀),D,D34,D3403
D3403004,C형간염기준치(정밀),D,D34,D3403
D3403005,C형간염항체판정,D,D34,D3403
D3404001,간초음파검사관찰소견(1set),D,D34,D3404
D3404002,간초음파검사관찰소견(2set),D,D34,D3404
D3404003,간초음파검사관찰소견(3set),D,D34,D3404
D3404004,양성질환1.혈관종,D,D34,D3404
D3404005,양성질환2.간낭종,D,D34,D3404
D3404006,양성질환3.지방간,D,D34,D3404
D3404007,간초음파검사관찰소견간암의심간암형,D,D34,D3404
D3404008,병변위치1.I,D,D34,D3404
D3404009,병변위치2.II,D,D34,D3404
D3404010,병변위치3.III,D,D34,D3404
D3404011,병변위치4.IV,D,D34,D3404
M1111014,개선필요5.음식,M,M11,M1111
M1111015,진찰소견외상후유증,M,M11,M1111
M1111016,진찰소견일반상태,M,M11,M1111
M1112001,종합판정정상A,M,M11,M1112
M1112002,종합판정정상B,M,M11,M1112
D3212003,병리조직검사개수,D,D32,D3212
D3212004,포셉,D,D32,D3212
M1111008,병력유형7.기타,M,M11,M1111
M1111009,생활습관구분,M,M11,M1111
M1111010,개선필요1.음주,M,M11,M1111
D3206008,8.직장의악성신생물,D,D32,D3206
D3206009,9.기타,D,D32,D3206
D3206010,1.상행결장,D,D32,D3206
D3206011,2.간만곡,D,D32,D3206
D3206012,3.횡행결장,D,D32,D3206
D3206013,4.비만곡,D,D32,D3206
D3206014,5.하행결장,D,D32,D3206
G9001002,결핵협회검사번호,G,G90,G9001
G9002001,도말검사,G,G90,G9002
G9002002,배양검사,G,G90,G9002
G9002003,약제감수성검사,G,G90,G9002
M1101001,신장,M,M11,M1101
M1101003,허리둘레,M,M11,M1101
M1101004,체질량,M,M11,M1101
M1101005,시각(좌),M,M11,M1101
M1101006,시각(우),M,M11,M1101
M1101007,청각(좌),M,M11,M1101
M1101008,청각(우),M,M11,M1101
M1101009,혈압(최고),M,M11,M1101
M1101010,혈압(최저),M,M11,M1101
M1101011,비만도,M,M11,M1101
M1101012,일반1차<계측검사(가슴둘레)>,M,M11,M1101
M1101013,교정시력여부,M,M11,M1101
M1102001,일어나3m돌아와앉기(초),M,M11,M1102
M1102002,보행장애유무,M,M11,M1102
M1102003,검사방법,M,M11,M1102
M1102004,검사결과(초),M,M11,M1102
M1103001,요당백,M,M11,M1103
M1103002,요단백,M,M11,M1103
M1103003,요잠혈,M,M11,M1103
M1103004,요PH,M,M11,M1103
M1104001,혈색소수치,M,M11,M1104
M1104002,공복혈당수치,M,M11,M1104
M1104003,총콜레스테롤수치,M,M11,M1104
M1104004,중성지방수치,M,M11,M1104
M1104005,HDL-콜레스테롤수치,M,M11,M1104
A1112002,종합판정정상B,A,A11,A1112
A1112003,종합판정일반질환의심,A,A11,A1112
A1112004,종합판정고혈압당뇨병질환의심,A,A11,A1112
A1112005,종합판정유질환,A,A11,A1112
A1112006,종합판정직업병(D1),A,A11,A1112
A1112007,종합판정일반질병(D2),A,A11,A1112
A1112008,정상/경계(B)비만관리,A,A11,A1112
A1112009,정상/경계(B)혈압관리,A,A11,A1112
A1112010,정상/경계(B)콜레스테롤관리,A,A11,A1112
A1112011,정상/경계(B)간기능관리,A,A11,A1112
A1117010,영양처방(연계(영양교실),A,A11,A1117
A1117011,영양평가점수,A,A11,A1117
A1118003,비만처방(1.식사량을줄이십시오),A,A11,A1118
A1118004,비만처방(2.간식과야식을줄이십시오),A,A11,A1118
A1118005,비만처방(3.음주량과횟수를줄이십시오),A,A11,A1118
A1118006,비만처방(4.외식이나패스트푸드를줄이십시오),A,A11,A1118
A1118007,비만처방(5.운동처방을참고하십시오),A,A11,A1118
A1118008,비만처방(6연계(비만클리닉)),A,A11,A1118
A1118009,비만처방(7.기타),A,A11,A1118
A1118010,비만평가,A,A11,A1118
A1119001,정신건강검사,A,A11,A1119
A1119002,정신건강검사점수,A,A11,A1119
A1119003,인지기능장애,A,A11,A1119
A1119004,인지기능장애점수,A,A11,A1119
A1119005,정신건강검사자살자해충동여부,A,A11,A1119
A1119006,정신건강검사자살자해통보여부,A,A11,A1119
A2101001,혈당측정방법,A,A21,A2101
A2101002,공복혈당결과,A,A21,A2101
A2101003,진단결과,A,A21,A2101
M2110007,순환기계혈압최고,M,M21,M2110
M2110008,순환기계혈압최저,M,M21,M2110
M2110009,순환기계정밀안저검사,M,M21,M2110
M2110010,순환기계심전도검사,M,M21,M2110
M2110011,순환기계검사소견,M,M21,M2110
M2110012,고지혈증중성지방,M,M21,M2110
M2110013,고지혈증HDL콜레스테롤,M,M21,M2110
M2110014,고지혈증검사소견,M,M21,M2110
M2110015,간장질환알부민,M,M21,M2110
M1112009,정상/경계(B)혈압관리,M,M11,M1112
M1112010,정상/경계(B)콜레스테롤관리,M,M11,M1112
M1112011,정상/경계(B)간기능관리,M,M11,M1112
M1112012,정상/경계(B)당뇨관리,M,M11,M1112
M1112013,정상/경계(B)신장기능관리,M,M11,M1112
M1112014,정상/경계(B)빈혈관리,M,M11,M1112
M1112015,정상/경계(B)골다공증관리(66세인경우만),M,M11,M1112
M1112016,정상/경계(B)기타질환관리,M,M11,M1112
M1112017,기타질환관리세부,M,M11,M1112
M1112018,기타질환관리세부내역,M,M11,M1112
M1112019,질환의심(R1)폐결핵의심,M,M11,M1112
M1112020,질환의심(R1)기타흉부질환의심,M,M11,M1112
M1112021,질환의심(R1)이상지질혈증의심,M,M11,M1112
M1112022,질환의심(R1)간장질환의심,M,M11,M1112
M1112023,질환의심(R1)신장질환의심,M,M11,M1112
M1112024,질환의심(R1)빈혈증의심,M,M11,M1112
M1112025,질환의심(R1)골다공증의심(66세인경우만),M,M11,M1112
M1112026,질환의심(R1)기타질환의심,M,M11,M1112
M1112027,질환의심(R1)기타질환의심세부,M,M11,M1112
M1112028,질환의심(R2)고혈압질환의심,M,M11,M1112
M1112029,질환의심(R2)당뇨질환의심,M,M11,M1112
M1112030,유질환자(D)고혈압,M,M11,M1112
M1112031,유질환자(D)당뇨,M,M11,M1112
M1112032,유질환자(D)이상지질혈증,M,M11,M1112
M1112033,유질환자(D)폐결핵,M,M11,M1112
M1112034,유질환(직장)일반질병D2-1,M,M11,M1112
M1112035,유질환(직장)일반질병D2-2,M,M11,M1112
M1112036,유질환(직장)일반질병D2-3,M,M11,M1112
M1112037,유질환(직장)직업병D1-1,M,M11,M1112
M1112038,유질환(직장)직업병D1-2,M,M11,M1112
M1112039,유질환(직장)직업병D1-3,M,M11,M1112
M1112040,"일반1차<종합판정(사후조치(직업병D1,일반질병D2))>",M,M11,M1112
M1112041,2004년기타질환,M,M11,M1112
M1112042,종합판정건강주의,M,M11,M1112
M1112043,폐결핵,M,M11,M1112
M1112044,간장질환,M,M11,M1112
M1112045,빈혈증,M,M11,M1112
M1112046,기타질환,M,M11,M1112
M1112047,2008년종합판정,M,M11,M1112
M1112048,질환의심(R1)고혈압의심,M,M11,M1112
M1112049,질환의심(R1)당뇨질환의심,M,M11,M1112
M1112050,정상/경계(B)부인과질환관리,M,M11,M1112
M1112051,질환의심(R1)부인과질환의심,M,M11,M1112
M1112052,질환의심(R1)자궁경부암의심,M,M11,M1112
M1113001,검체상태,M,M11,M1113
M1113002,자궁경부선상피세포(유무),M,M11,M1113
M1113003,유형별진단(유형),M,M11,M1113
M1113004,편평상피세포이상,M,M11,M1113
M1113005,선상피세포이상,M,M11,M1113
A1104012,일반1차<혈액검사(LDL-콜레스테롤실측정값)>,A,A11,A1104
A1104013,일반1차<혈액검사(신사구체여과율(e-GFR)산출방법)>,A,A11,A1104
A1105001,B형간염항원검사유형,A,A11,A1105
A1105002,B형간염표면항원결과,A,A11,A1105
A1105003,B형간염표면항체검사유형,A,A11,A1105
A1105004,B형간염표면항체결과,A,A11,A1105
A1105005,B형간염표면항체정밀수치,A,A11,A1105
A1105006,간염검사결과,A,A11,A1105
A1105007,B형간염표면항원정밀수치,A,A11,A1105
A1105008,B형간염표면항원정밀기준치,A,A11,A1105
A1105009,B형간염표면항체정밀기준치,A,A11,A1105
A1105010,C형간염검사방법,A,A11,A1105
A1105011,C형간염검사결과(일반/정밀),A,A11,A1105
A1105012,C형간염검사수치(정밀),A,A11,A1105
A1105013,C형간염기준치(정밀),A,A11,A1105
A1105014,C형간염항체판정,A,A11,A1105
A1106001,흉부방사선검사촬영구분,A,A11,A1106
A1106002,흉부방사선검사결과,A,A11,A1106
A1107001,수탁의뢰여부,A,A11,A1107
A1107002,의뢰기관기호,A,A11,A1107
A1107003,골밀도검사방법,A,A11,A1107
A1107004,골밀도검사결과,A,A11,A1107
A1107005,골밀도검사수치,A,A11,A1107
A1108001,심전도검사,A,A11,A1108
A1109001,과거병력진단여부,A,A11,A1109
A1109002,과거병력약물치료여부,A,A11,A1109
A1109003,생활습관금연필요(2017년포함이전흡연),A,A11,A1109
A1109004,생활습관절주필요(2017년포함이전음주),A,A11,A1109
A1109005,생활습관신체활동필요(2017년포함이전운동),A,A11,A1109
A1109006,생활습관근력운동필요(2017년포함이전체중),A,A11,A1109
A1109007,외상및휴유증여부,A,A11,A1109
A1109008,일반상태,A,A11,A1109
A1109009,우울증(기분상태),A,A11,A1109
A1109010,인지기능장애,A,A11,A1109
A1110001,과거병력기존질병유무,A,A11,A1110
A1110002,기존질병1.뇌졸증,A,A11,A1110
A1110003,기존질병1.심장병,A,A11,A1110
C1106041,종합응급구강진료가필요합니다.,C,C11,C1106
C1106042,종합치료했던치아를다시검사또는치료받아야함.,C,C11,C1106
C1106043,종합기타,C,C11,C1106
C1106044,필요구강교육-설탕섭취(영양),C,C11,C1106
D3702004,폐암폐결절크기1-1,D,D37,D3702
D3702005,폐암폐결절크기1-2,D,D37,D3702
D3702006,폐암폐결절특징1,D,D37,D3702
D3702007,폐암폐결절추적검사소견1,D,D37,D3702
D3702008,폐암폐결절추적검사소견1-1,D,D37,D3702
D3702009,폐암폐결절유무2,D,D37,D3702
D3702010,폐암폐결절성상2,D,D37,D3702
D3702011,폐암폐결절위치2-1우상엽,D,D37,D3702
D3702012,폐암폐결절크기2-1,D,D37,D3702
D3702013,폐암폐결절크기2-2,D,D37,D3702
D3702014,폐암폐결절특징2,D,D37,D3702
D3702015,폐암폐결절추적검사소견2,D,D37,D3702
D3702016,폐암폐결절추적검사소견2-1,D,D37,D3702
D3702017,폐암폐결절유무3,D,D37,D3702
D3702018,폐암폐결절성상3,D,D37,D3702
D3702019,폐암폐결절위치3,D,D37,D3702
D3113014,관상샘암종(저분화),D,D31,D3113
D3113015,위림프종(고도),D,D31,D3113
D3114001,위의비상피성종양,D,D31,D3114
D3114002,식도염,D,D31,D3114
D3114003,식도암종,D,D31,D3114
D3114004,식도점막하종양,D,D31,D3114
C1106045,필요구강교육-구강위생,C,C11,C1106
C1106046,필요구강교육-불소이용,C,C11,C1106
C1106047,사후관리권고-정밀구강검진(방사선검사등),C,C11,C1106
C1106048,사후관리권고-전문가구강위생관리및치주관리(스케일링등),C,C11,C1106
C1106049,사후관리권고-치아우식치료필요,C,C11,C1106
C1106050,사후관리권고-치주치료필요,C,C11,C1106
D3101001,위장조영검사검사방법,D,D31,D3101
D3101002,위장조영검사(1set)병형,D,D31,D3101
D3102001,위저부,D,D31,D3102
D3102002,위체부,D,D31,D3102
D3102003,위전정부,D,D31,D3102
D3102004,위분문부,D,D31,D3102
D3102005,소만,D,D31,D3102
D3102006,대만,D,D31,D3102
D3102007,전벽,D,D31,D3102
D3102008,후벽,D,D31,D3102
D3102009,기타,D,D31,D3102
D3102010,기타부위,D,D31,D3102
D3103001,위장조영검사(2set),D,D31,D3103
D3103002,위저부,D,D31,D3103
D3103003,위체부,D,D31,D3103
D3103004,위전정부,D,D31,D3103
D3103005,위분문부,D,D31,D3103
D3103006,소만,D,D31,D3103
D3103007,대만,D,D31,D3103
D3103008,전벽,D,D31,D3103
D3103009,후벽,D,D31,D3103
D3104001,위장조영검사(3set),D,D31,D3104
D3104002,위저부,D,D31,D3104
D3104003,위체부,D,D31,D3104
D3104004,위전정부,D,D31,D3104
D3104005,위분문부,D,D31,D3104
D3104006,소만,D,D31,D3104
D3104007,대만,D,D31,D3104
D3104008,전벽,D,D31,D3104
D3104009,후벽,D,D31,D3104
D3105001,식도/위정맥류,D,D31,D3105
D3105002,식도염,D,D31,D3105
D3105003,식도점막하종양,D,D31,D3105
D3105004,식도암,D,D31,D3105
D3105005,십이지장궤양,D,D31,D3105
D3105006,십이지장악성종양,D,D31,D3105
D3105007,십이지장점막하종양,D,D31,D3105
D3105008,직접기입,D,D31,D3105
D3105009,기타직접기입,D,D31,D3105
D3105010,내시경검사필요여부,D,D31,D3105
D3106001,병형기타식도정맥류,D,D31,D3106
D3106002,병형기타식도염,D,D31,D3106
D3106003,병형기타식도게실,D,D31,D3106
D3106004,병형기타식도암,D,D31,D3106
D3106005,병형기타점막하종양,D,D31,D3106
D3106006,병형기타급성위염,D,D31,D3106
D3106007,병형기타만성위염,D,D31,D3106
D3106008,병형기타위게실,D,D31,D3106
D3106009,병형기타십이지장염,D,D31,D3106
D3106010,병형기타십이지장게실,D,D31,D3106
D3106011,병형기타기타,D,D31,D3106
D3106012,위장조영촬영병형,D,D31,D3106
D3107001,위내시경검사(1set),D,D31,D3107
D3107002,위저부,D,D31,D3107
D3107003,위체부,D,D31,D3107
D3107004,위전정부,D,D31,D3107
M1113006,선상피세포이상기타,M,M11,M1113
M1113007,추가소견,M,M11,M1113
M1113008,추가소견기타,M,M11,M1113
M1113009,종합판정,M,M11,M1113
M1113010,의심()개월후재검대상,M,M11,M1113
R3502001,검체상태,R,R35,R3502
R3502002,선상피세포,R,R35,R3502
R3502003,유형별진단,R,R35,R3502
R3502004,편평상피세포이상,R,R35,R3502
R3502005,위험구분,R,R35,R3502
R3502006,선상피세포이상,R,R35,R3502
R3502007,직접기입,R,R35,R3502
R3502008,기타-직접기입,R,R35,R3502
R3502009,추가소견선택,R,R35,R3502
R3502010,기타추가소견내역,R,R35,R3502
R3501016,비정형선상피세포,R,R35,R3501
D3405003,03.간경화,D,D34,D3405
D3405004,04.만성간염,D,D34,D3405
D3405005,05.기타,D,D34,D3405
D3405006,06.간염,D,D34,D3405
D3405007,07.담석증,D,D34,D3405
D3405008,08.간디스토마,D,D34,D3405
D3405009,09.급성알코올간염,D,D34,D3405
D3405010,10.간종대,D,D34,D3405
D3405011,11.비종대,D,D34,D3405
D3405012,12.간경색증,D,D34,D3405
D3405013,13.담관의결석,D,D34,D3405
D3405014,14.담낭염,D,D34,D3405
D3405015,15.신결석,D,D34,D3405
D3405016,16.담낭의천공,D,D34,D3405
D3405017,17.담관유착,D,D34,D3405
D3405018,18.간의악성신생물,D,D34,D3405
D3405019,19.간의양성신생물,D,D34,D3405
D3405020,20.췌장의양성신생물,D,D34,D3405
D3405021,21.신낭종,D,D34,D3405
D3606001,간암혈청알파태아단백검사방법(정성법/정량법),D,D36,D3606
D3606002,간암혈청알파태아단백검사결과(정성법),D,D36,D3606
D3606003,간암혈청알파태아단백검사수치(정량법),D,D36,D3606
D3606004,간암혈청알파태아단백검사단위(정량법),D,D36,D3606
D3606005,간암혈청알파태아단백검사기준치(정량법),D,D36,D3606
D3607001,종합판정,D,D36,D3607
D3607002,기존간암환자,D,D36,D3607
D3607003,기타내역,D,D36,D3607
D3607004,간암진찰료포함여부,D,D36,D3607
D3607005,의심()개월후재검대상,D,D36,D3607
D3608001,장애인안전편의관리비,D,D36,D3608
D3303012,3.하외측,D,D33,D3303
D3303013,4.하내측,D,D33,D3303
D3303014,5.유두하부,D,D33,D3303
D3303015,6.액와부,D,D33,D3303
D3303016,7.직접기입,D,D33,D3303
M2109022,유질환5.간장질환,M,M21,M2109
M2109023,유질환6.당뇨질환,M,M21,M2109
M2109024,유질환7.신장질환,M,M21,M2109
M2109025,유질환8.빈혈증,M,M21,M2109
M2109026,유질환9.기타질환,M,M21,M2109
M2109027,일반질병D2-1,M,M21,M2109
M2109028,일반질병D2-2,M,M21,M2109
M2109029,일반질병D2-3,M,M21,M2109
M2109030,직업병D1-1,M,M21,M2109
M2109031,직업병D1-2,M,M21,M2109
M2109032,직업병D1-3,M,M21,M2109
M2109033,사후관리질병유소견(일반질병D2직업병D1),M,M21,M2109
M2110001,폐결핵및기타흉부질환흉부방사선검사촬영구분,M,M21,M2110
M2110002,폐결핵및기타흉부질환흉부방사선검사(직접촬영),M,M21,M2110
M2110003,결핵균집균도말검사,M,M21,M2110
M2110004,결핵협회검사의뢰여부,M,M21,M2110
M2110005,폐결핵검사소견,M,M21,M2110
M2110006,기타흉부검사소견,M,M21,M2110
A1112001,종합판정정상A,A,A11,A1112
F9001026,하(우)(74),F,F90,F9001
F9001027,하(우)(75),F,F90,F9001
F9001028,하(우)(36(4세5세만)),F,F90,F9001
F9001029,최하(좌)(42(5세만)),F,F90,F9001
D3206015,6.에스결장,D,D32,D3206
D3206016,7.직장,D,D32,D3206
D3206017,8.기타,D,D32,D3206
D3206018,결장이중조영촬영부위기타,D,D32,D3206
D3206019,결장이중조영촬영결장경검사여부,D,D32,D3206
D3207001,대장내시경검사판독소견(1set),D,D32,D3207
D3207002,01.회장말단부,D,D32,D3207
D3207003,02.맹장,D,D32,D3207
D3108003,위체부,D,D31,D3108
D3108004,위전정부,D,D31,D3108
D3108005,위분문부,D,D31,D3108
D3108006,소만,D,D31,D3108
D3108007,대만,D,D31,D3108
D3108008,전벽,D,D31,D3108
D3108009,후벽,D,D31,D3108
D3109001,위내시경검사(3set),D,D31,D3109
D3109002,위저부,D,D31,D3109
D3109003,위체부,D,D31,D3109
D3109004,위전정부,D,D31,D3109
D3109005,위분문부,D,D31,D3109
D3109006,소만,D,D31,D3109
D3109007,대만,D,D31,D3109
D3109008,전벽,D,D31,D3109
D3109009,후벽,D,D31,D3109
D3110001,식도/위정맥류,D,D31,D3110
D3110002,식도염,D,D31,D3110
D3110003,식도점막하종양,D,D31,D3110
D3110004,식도암,D,D31,D3110
D3110005,십이지장궤양,D,D31,D3110
D3110006,십이지장악성종양,D,D31,D3110
D3110007,십이지장점막하종양,D,D31,D3110
D3110008,직접기입,D,D31,D3110
D3110009,직접기입내역,D,D31,D3110
D3110010,위조직진단필요,D,D31,D3110
D3111001,병형기타식도정맥류,D,D31,D3111
D3111002,병형기타식도염,D,D31,D3111
D3111003,병형기타식도게실,D,D31,D3111
D3111004,병형기타식도암,D,D31,D3111
D3111005,병형기타점막하종양,D,D31,D3111
D3111006,병형기타급성위염,D,D31,D3111
D3111007,병형기타만성위염,D,D31,D3111
D3111008,병형기타위게실,D,D31,D3111
D3111009,병형기타십이지장염,D,D31,D3111
D3111010,병형기타십이지장게실,D,D31,D3111
D3111011,병형기타기타,D,D31,D3111
D3111012,위내시경병형,D,D31,D3111
D3112001,위조직진단결과,D,D31,D3112
D3112002,위조직진단결과기타,D,D31,D3112
D3112003,병리조직검사개수,D,D31,D3112
D3112004,포셉,D,D31,D3112
D3113001,관상샘암종(고분화),D,D31,D3113
D3113002,유두상샘암종,D,D31,D3113
D3113003,반지세포암종,D,D31,D3113
D3113004,위림프종(저도),D,D31,D3113
D3113005,점액(샘)암종,D,D31,D3113
D3113006,샘편평상피암종,D,D31,D3113
D3113007,편평상피암종,D,D31,D3113
D3113008,소세포암종,D,D31,D3113
D3113009,미분화암종,D,D31,D3113
D3113010,신경내분비종양,D,D31,D3113
D3113011,직접기입,D,D31,D3113
D3113012,직접기입내역,D,D31,D3113
D3113013,관상샘암종(중분화),D,D31,D3113
D3304007,6.액와부,D,D33,D3304
D3304008,7.직접기입,D,D33,D3304
D3304009,8.직접기입내역,D,D33,D3304
D3304010,1.상외측,D,D33,D3304
D3304011,2.상내측,D,D33,D3304
D3304012,3.하외측,D,D33,D3304
D3304013,4.하내측,D,D33,D3304
D3304014,5.유두하부,D,D33,D3304
D3304015,6.액와부,D,D33,D3304
D3304016,7.직접기입,D,D33,D3304
D3304017,8.직접기입내역,D,D33,D3304
A2102005,치료계획,A,A21,A2102
A2103001,흡연니코틴의존도,A,A21,A2103
A2103002,흡연처방,A,A21,A2103
A2103003,흡연평가점수,A,A21,A2103
A2104001,음주평가,A,A21,A2104
A2104002,음주처방,A,A21,A2104
A2104003,음주평가점수,A,A21,A2104
A2105001,운동평가,A,A21,A2105
A2105002,운동처방종류,A,A21,A2105
A2105003,운동처방(시간),A,A21,A2105
A2105004,운동처방(빈도횟수),A,A21,A2105
A2105005,운동평가점수,A,A21,A2105
A2106001,영양평가,A,A21,A2106
A2106002,영양처방(권장음식)유제품,A,A21,A2106
A2106003,영양처방(권장음식)단백질류,A,A21,A2106
A2106004,영양처방(권장음식)야채와과일,A,A21,A2106
A2106005,영양처방(제한음식)지방,A,A21,A2106
A2106006,영양처방(제한음식)단순당,A,A21,A2106
A2106007,영양처방(제한음식)염분(소금),A,A21,A2106
A2106008,영양처방(올바른식사습관)아침식사거르지않기,A,A21,A2106
A2106009,영양처방(올바른식사습관)골고루먹기,A,A21,A2106
A2106010,영양처방(연계(영양교실),A,A21,A2106
A2106011,영양평가점수,A,A21,A2106
A2107001,체질량지수,A,A21,A2107
A2107002,허리둘레,A,A21,A2107
A2107003,비만처방(1.식사량을줄이십시오),A,A21,A2107
A2107004,비만처방(2.간식과야식을줄이십시오),A,A21,A2107
A1112012,정상/경계(B)당뇨관리,A,A11,A1112
A1112013,정상/경계(B)신장기능관리,A,A11,A1112
A1112014,정상/경계(B)빈혈관리,A,A11,A1112
A1112015,정상/경계(B)골다공증관리(66세인경우만),A,A11,A1112
A1112016,정상/경계(B)기타질환관리,A,A11,A1112
A1112017,기타질환관리세부,A,A11,A1112
A1112018,기타질환관리세부내역,A,A11,A1112
A1112019,질환의심(R1)폐결핵의심,A,A11,A1112
D3107005,위분문부,D,D31,D3107
D3107006,소만,D,D31,D3107
D3107007,대만,D,D31,D3107
D3107008,전벽,D,D31,D3107
D3107009,후벽,D,D31,D3107
D3107010,기타,D,D31,D3107
D3107011,기타부위,D,D31,D3107
D3201004,분변잠혈반응정량검사수치,D,D32,D3201
D3201005,결장이중조영촬영결장경검사실시여부,D,D32,D3201
D3201006,결장이중조영촬영병형,D,D32,D3201
D3202001,대장이중조영검사판독소견(1set),D,D32,D3202
D3202002,01.회장말단부,D,D32,D3202
D3202003,02.맹장,D,D32,D3202
D3202004,03.상행결장,D,D32,D3202
D3202005,04.간만곡,D,D32,D3202
D3202006,05.횡행결장,D,D32,D3202
D3202007,06.비만곡,D,D32,D3202
D3202008,07.하행결장,D,D32,D3202
D3202009,08.에스결장,D,D32,D3202
D3202010,09.직장,D,D32,D3202
D3202011,10.항문,D,D32,D3202
D3202012,11.기타,D,D32,D3202
D3202013,12.기타부위,D,D32,D3202
D3202014,대장이중조영검사검사방법,D,D32,D3202
D3203001,대장이중조영검사판독소견(2set),D,D32,D3203
D3203002,01.회장말단부,D,D32,D3203
D3203003,02.맹장,D,D32,D3203
D3203004,03.상행결장,D,D32,D3203
D3203005,04.간만곡,D,D32,D3203
D3203006,05.횡행결장,D,D32,D3203
D3203007,06.비만곡,D,D32,D3203
D3203008,07.하행결장,D,D32,D3203
D3203009,08.에스결장,D,D32,D3203
D3203010,09.직장,D,D32,D3203
D3203011,10.항문,D,D32,D3203
D3204001,대장이중조영검사판독소견(3set),D,D32,D3204
D3204002,01.회장말단부,D,D32,D3204
D3204003,02.맹장,D,D32,D3204
D3204004,03.상행결장,D,D32,D3204
D3204005,04.간만곡,D,D32,D3204
D3204006,05.횡행결장,D,D32,D3204
D3204007,06.비만곡,D,D32,D3204
D3204008,07.하행결장,D,D32,D3204
D3204009,08.에스결장,D,D32,D3204
D3204010,09.직장,D,D32,D3204
D3204011,10.항문,D,D32,D3204
D3204012,대장용종크기,D,D32,D3204
D3205001,01.치핵,D,D32,D3205
D3205002,02.비특이성장염,D,D32,D3205
D3205003,03.허혈성장염,D,D32,D3205
D3205004,04.궤양성대장염,D,D32,D3205
D3205005,05.크론병,D,D32,D3205
A1107006,골밀도측정부위,A,A11,A1107
A1107007,골밀도T-점수,A,A11,A1107
