연번,민원구분,업소명,업소지번주소,업소도로명주소,우편번호,
1,제7조의3제2항에따른경우,GS25당진빌리지점,충청남도 당진시 읍내동 895 진영,충청남도 당진시 무수동4길 9. 진영 (읍내동),31772,
2,제7조의3제2항에따른경우,씨유 당진한진포구점,충청남도 당진시 송악읍 한진리 112-21,충청남도 당진시 송악읍 한진포구길 14,31720,
3,제7조의3제2항에따른경우,세븐일레븐 당진수청하임점,충청남도 당진시 수청동 1544 지엔하임,충청남도 당진시 수청2로 77. 111호 (수청동. 지엔하임),31817,
4,제7조의3제2항에따른경우,지에스(GS)25 원당그린빌점,충청남도 당진시 원당동 1248 그린빌아파트,충청남도 당진시 밤절로 104. 상가동 101.102호 (원당동. 그린빌아파트),31771,
5,제7조의3제2항에따른경우,GS25당진고대점,충청남도 당진시 고대면 용두리 676-13 고대차부슈퍼,충청남도 당진시 고대면 고대로 32. 고대차부슈퍼,31793,
6,제7조의3제2항에따른경우,GS25합덕중앙점,충청남도 당진시 합덕읍 운산리 278,충청남도 당진시 합덕읍 당진3거리길 1. 1층,31812,
7,제7조의3제2항에따른경우,세븐일레븐 당진송산센트럴점,충청남도 당진시 송산면 동곡리 404 현대에비뉴,충청남도 당진시 송산면 가곡로 150-24. 109. 110. 111호 (현대에비뉴),31710,
8,제7조의3제2항에따른경우,씨유 당진수청타워점,충청남도 당진시 수청동 1393,충청남도 당진시 수청2로 42. 106호 (수청동),31817,
9,제7조의3제2항에따른경우,당진전자담배,충청남도 당진시 수청동 999 G1파크빌,충청남도 당진시 당진중앙2로 447. G1파크빌 104호 (수청동),31771,
10,제7조의3제2항에따른경우,(주)코리아세븐 당진신터점,충청남도 당진시 수청동 984 터미널프라자,충청남도 당진시 밤절로 156. 터미널프라자 5. 4층 (수청동),31771,
11,제7조의3제2항에따른경우,당진시니어클럽,충청남도 당진시 대덕동 1564 부광전기,충청남도 당진시 먹거리길 72-45 (대덕동),31776,
12,제7조의3제2항에따른경우,주식회사 농가마트,충청남도 당진시 채운동 503,충청남도 당진시 대호만로 30-20 (채운동),31780,
13,제7조의3제2항에따른경우,미라클,충청남도 당진시 채운동 459-10,충청남도 당진시 대호만로 25 (채운동),31781,
14,제7조의3제2항에따른경우,대원상회,충청남도 당진시 고대면 진관리 642-6 산내들아파트,충청남도 당진시 고대면 고대로 98. 상가동 103호 (산내들아파트),31793,
15,제7조의3제2항에따른경우,씨유 당진휴게소점,충청남도 당진시 정미면 대운산리 691-3 당진(상)휴게소,충청남도 당진시 정미면 서해로 4912. 당진(상)휴게소 1층,31801,
16,제7조의3제2항에따른경우,요소수마트,충청남도 당진시 송악읍 복운리 1663-1 병천순대국,충청남도 당진시 송악읍 부곡공단2길 15. 병천순대국,31721,
17,제7조의3제2항에따른경우,다올마트,충청남도 당진시 석문면 통정리 1742 해오름빌,충청남도 당진시 석문면 해명4로1길 10. 해오름빌,31703,
18,제7조의3제2항에따른경우,지에스25당진이편한점,충청남도 당진시 송악읍 가학리 690 송악e편한세상,충청남도 당진시 송악읍 반촌로 103. 106.107호 (송악e편한세상),31733,
19,제7조의3제2항에따른경우,사거리,충청남도 당진시 읍내동 153-2,충청남도 당진시 당진시장남길 60. 1층 (읍내동),31777,
20,제7조의3제2항에따른경우,씨유 당진송산대박점,충청남도 당진시 송산면 삼월리 276,충청남도 당진시 송산면 송산로 557. 1층,31714,
21,제7조의3제2항에따른경우,CU당진엠코타운점,충청남도 당진시 송산면 유곡리 861 당진엠코타운,충청남도 당진시 송산면 유곡로 20. 1층 101호 (당진엠코타운),31710,
22,제7조의3제2항에따른경우,세븐일레븐 마섬포구점,충청남도 당진시 석문면 장고항리 92-11 유정타운,충청남도 당진시 석문면 석문방조제로 1804. 유정타운,31701,
23,제7조의3제2항에따른경우,세븐일레븐 당진석문천년점,충청남도 당진시 석문면 통정리 1725 LH 천년나무 1단지아파트,충청남도 당진시 석문면 해명1로 199. 상가동 1층 104. 105호 (LH 천년나무 1단지아파트),31703,
24,제7조의3제2항에따른경우,지에스25 합덕베스트점,충청남도 당진시 합덕읍 운산리 260-1 LG전자,충청남도 당진시 합덕읍 합우로 194. LG전자,31813,
25,제7조의3제2항에따른경우,씨유 당진가곡점,충청남도 당진시 송산면 가곡리 121-15,충청남도 당진시 송산면 참샘물길 79-18. 1층,31709,
26,제7조의3제2항에따른경우,미니수퍼,충청남도 당진시 채운동 355-3 한성아파트,충청남도 당진시 백암로 219-29. 상가동 108호 (채운동. 한성아파트),31784,
27,제7조의3제3항에따른경우,데이앤데이 당진KG스틸점,충청남도 당진시 송악읍 고대리 332 동부제철,충청남도 당진시 송악읍 북부산업로 1228. 동부제철 사무동,31719,
28,제7조의3제2항에따른경우,(주)코리아세븐 당진하늘채점,충청남도 당진시 읍내동 1039 인스빌,충청남도 당진시 무수동7길 127. 인스빌 1층 (읍내동),31772,
29,제7조의3제2항에따른경우,스마트팜,충청남도 당진시 수청동 1232,충청남도 당진시 수청5길 36-9 (수청동),31772,
30,제7조의3제2항에따른경우,지에스25 당진동부센트레빌 1차점,충청남도 당진시 수청동 0,충청남도 당진시 수청중앙로 85. 당진센트레빌르네블루 1차 상가동 (수청동),31766,
31,제7조의3제2항에따른경우,지에스25 당진부곡공단점,충청남도 당진시 송악읍 복운리 1665-1 송악건설,충청남도 당진시 송악읍 부곡공단1길 22. 송악건설,31721,
32,제7조의3제2항에따른경우,지에스25 당진푸르지오점,충청남도 당진시 읍내동 1477,충청남도 당진시 북문로 7-11 (읍내동),31768,
33,제7조의3제2항에따른경우,씨유 당진우체국점,충청남도 당진시 읍내동 236-8 벧엘칼국수,충청남도 당진시 당진중앙2로 162-9. 벧엘칼국수 (읍내동),31776,
34,제7조의3제2항에따른경우,GS25 당진비발디점,충청남도 당진시 원당동 848-2,충청남도 당진시 원당로 49 (원당동),31767,
35,제7조의3제2항에따른경우,(주)코리아세븐 당진현대센트럴점,충청남도 당진시 송산면 동곡리 408,충청남도 당진시 송산면 가곡로 156. 1층 110호,31710,
36,제7조의3제2항에따른경우,세븐일레븐 당진서해랜드마크점,충청남도 당진시 시곡동 70-1,충청남도 당진시 서해로 6275. 101호 (시곡동),31764,
37,제7조의3제2항에따른경우,씨유당진읍내점,충청남도 당진시 읍내동 299-109 훼미리마트,충청남도 당진시 계성3길 22 (읍내동),31770,
38,제7조의3제2항에따른경우,도원,충청남도 당진시 송악읍 월곡리 114-4 현대그린빌,충청남도 당진시 송악읍 고잔로 60. 현대그린빌 2동 1층,31725,
39,제7조의3제2항에따른경우,씨유 당진휴먼빌점,충청남도 당진시 읍내동 1230,충청남도 당진시 무수동옛길 84 (읍내동),31776,
40,제7조의3제3항에따른경우,지에스더프레시 당진기지시점,충청남도 당진시 송악읍 기지시리 504 힐스테이트 당진2차,충청남도 당진시 송악읍 틀모시로 737. 108~112호 (힐스테이트 당진2차),31733,
41,제7조의3제2항에따른경우,이마트24 당진신성대후문점,충청남도 당진시 정미면 덕마리 219 S마트,충청남도 당진시 정미면 덕마길 52. S마트 1층,31801,
42,제7조의3제3항에따른경우,거산할인마트,충청남도 당진시 신평면 거산리 41-5 당진축협,충청남도 당진시 신평면 거산3거리길 27. 당진축협,31748,
43,제7조의3제2항에따른경우,구멍가게,충청남도 당진시 우두동 1378 더하우스,충청남도 당진시 우두로2길 20-6. 더하우스 101호 (우두동),31768,
44,제7조의3제2항에따른경우,지에스25  합덕타운점,충청남도 당진시 합덕읍 운산리 918-13,충청남도 당진시 합덕읍 미락1안길 31,31811,
45,제7조의3제2항에따른경우,월드푸드마트,충청남도 당진시 합덕읍 운산리 293-16 할인매장,충청남도 당진시 합덕읍 합덕시장로 206. 할인매장,31812,
46,제7조의3제2항에따른경우,씨유 뉴합덕중앙점,충청남도 당진시 합덕읍 운산리 293-32,충청남도 당진시 합덕읍 합덕시장로 205,31812,
47,제7조의3제2항에따른경우,세븐일레븐 당진송산유곡점,충청남도 당진시 송산면 유곡리 1055,충청남도 당진시 송산면 서정9길 14,31710,
48,제7조의3제2항에따른경우,GS25 한진원룸점,충청남도 당진시 송악읍 한진리 115-5,충청남도 당진시 송악읍 한진1길 246,31720,
49,제7조의3제2항에따른경우,GS25 당진힐스테이트점,충청남도 당진시 송악읍 기지시리 510 힐스테이트 당진1차,충청남도 당진시 송악읍 틀모시로 738. 219동 110. 111호 (힐스테이트 당진1차),31733,
50,제7조의3제2항에따른경우,씨유 당진주공점,충청남도 당진시 원당동 1251 원당마을아파트,충청남도 당진시 밤절로 103. 상가동 101-102호 (원당동. 원당마을아파트),31771,
51,제7조의3제2항에따른경우,지에스25 당진삽교호공원점,충청남도 당진시 신평면 운정리 961-2,충청남도 당진시 신평면 삽교천3길 62. 101-104호,31744,
52,제7조의3제2항에따른경우,이마트24 당진호반시그니처점,충청남도 당진시 수청동 1551 호반써밋 시그니처 1차,충청남도 당진시 수청3로 20. 117동 106호 (수청동. 호반써밋 시그니처 1차),31817,
53,제7조의3제2항에따른경우,지에스25 합덕센트럴점,충청남도 당진시 합덕읍 석우리 1148,충청남도 당진시 합덕읍 합덕산단4로 12-17. 1층,31810,
54,제7조의3제2항에따른경우,지에스25당진시장길점,충청남도 당진시 읍내동 158-3,충청남도 당진시 당진시장길 156 (읍내동),31776,
55,제7조의3제2항에따른경우,씨유 합덕인더스파크점,충청남도 당진시 합덕읍 석우리 1203,충청남도 당진시 합덕읍 인더스파크로 167-10. 1층,31816,
56,제7조의3제2항에따른경우,씨유당진호반써밋2차점,충청남도 당진시 수청동 1562 호반써밋 시그니처 2차,충청남도 당진시 수청1로 51. 110.111호 (수청동. 호반써밋 시그니처 2차),31817,
57,제7조의3제2항에따른경우,이마트24 당진합덕중앙점,충청남도 당진시 합덕읍 운산리 262-6,충청남도 당진시 합덕읍 합덕시장로 179,31812,
58,제7조의3제3항에따른경우,중앙상사,충청남도 당진시 석문면 삼봉리 921-11 중앙상사.CU.삼봉중앙점,충청남도 당진시 석문면 대호로 1577-1. 중앙상사.CU.삼봉중앙점,31706,
59,제7조의3제3항에따른경우,송산농협하나로마트유곡점,충청남도 당진시 송산면 유곡리 1067 송산농협유곡지점,충청남도 당진시 송산면 유곡4길 5. 송산농협유곡지점,31710,
60,제7조의3제2항에따른경우,GS25 당진제철점,충청남도 당진시 송악읍 고대리 167-136,충청남도 당진시 송악읍 대섬길 4-5,31726,
61,제7조의3제2항에따른경우,지에스25당진명지점,충청남도 당진시 송악읍 반촌리 46-4,충청남도 당진시 송악읍 반촌로 288-1,31737,
62,제7조의3제2항에따른경우,씨유 당진호반써밋 1차점,충청남도 당진시 수청동 1551 호반써밋 시그니처 1차,충청남도 당진시 수청3로 20. 116동 103. 104호 (수청동. 호반써밋 시그니처 1차),31817,
63,제7조의3제2항에따른경우,두원 당진 반품샵,충청남도 당진시 읍내동 420-11,충청남도 당진시 서해로 5740-6 (읍내동),31769,
64,제7조의3제2항에따른경우,지에스25수청아린점,충청남도 당진시 수청동 1362,충청남도 당진시 수청1길 47. 106호 (수청동),31817,
65,제7조의3제2항에따른경우,지에스25석문센트럴점,충청남도 당진시 석문면 통정리 1461,충청남도 당진시 석문면 산단7로 94-9. 106.107호,31702,
66,제7조의3제2항에따른경우,동우낚시편의점,충청남도 당진시 신평면 매산리 81-3 낚시편의점,충청남도 당진시 신평면 북부산업로 431. 낚시편의점,31743,
67,제7조의3제2항에따른경우,해안로또복권점,충청남도 당진시 송악읍 중흥리 365,충청남도 당진시 송악읍 송악로 620-31,31728,
68,제7조의3제2항에따른경우,에덴옷맞춤,충청남도 당진시 읍내동 145-54,충청남도 당진시 당진시장북길 62 (읍내동),31777,
69,제7조의3제2항에따른경우,창원슈퍼,충청남도 당진시 대덕동 1570 돈플러스돈,충청남도 당진시 먹거리길 86-5. 돈플러스돈 (대덕동),31776,
70,제7조의3제2항에따른경우,이편한 식자재마트 송산점,충청남도 당진시 송산면 유곡리 1076,충청남도 당진시 송산면 유곡2길 21. 109-114호,31710,
71,제7조의3제2항에따른경우,씨유 당진대호점,충청남도 당진시 석문면 교로리 937-38 벨리하우스,충청남도 당진시 석문면 대호만로 2351. 벨리하우스,31700,
72,제7조의3제2항에따른경우,탱자슈퍼,충청남도 당진시 송악읍 고대리 194-1484 해피트리,충청남도 당진시 송악읍 정곡로 576-11. 해피트리,31725,
73,제7조의3제2항에따른경우,도깨비,충청남도 당진시 읍내동 548-11 간이역,충청남도 당진시 당진중앙2로 54-7. 간이역 (읍내동),31777,
74,제7조의3제2항에따른경우,해당화,충청남도 당진시 송산면 가곡리 394-51 프로방스마을 F동,충청남도 당진시 송산면 석문방조제로 410-2. 프로방스마을 F동,31709,
75,제7조의3제2항에따른경우,이마트24 당진기지시점,충청남도 당진시 송악읍 반촌리 861-36,충청남도 당진시 송악읍 반촌로 140-38. 105호,31733,
76,제7조의3제2항에따른경우,지에스25 석문산단점,충청남도 당진시 석문면 통정리 1580 토담휴로스1차,충청남도 당진시 석문면 산단3로10길 7. 토담휴로스1차 110.111호,31702,
77,제7조의3제3항에따른경우,지에스25이피에스당진발전소점,충청남도 당진시 송악읍 부곡리 564,충청남도 당진시 송악읍 부곡공단로 241,31721,
78,제7조의3제2항에따른경우,이마트24 당진써밋시그니처점,충청남도 당진시 수청동 1562 호반써밋 시그니처 2차,충청남도 당진시 수청1로 51. 215동 106호 (수청동. 호반써밋 시그니처 2차),31817,
79,제7조의3제2항에따른경우,블랑마트,충청남도 당진시 송악읍 가학리 590-1,충청남도 당진시 송악읍 송악로 63,31732,
80,제7조의3제2항에따른경우,지에스25송악미소점,충청남도 당진시 송악읍 복운리 1629-2 신성당진미소지움아파트,충청남도 당진시 송악읍 신복운로3길 28. 상가동 101.102.103호 (신성당진미소지움아파트),31724,
81,제7조의3제2항에따른경우,럭키전자담배,충청남도 당진시 읍내동 1548 한울빈,충청남도 당진시 우두로 9. 한울빈 103호 (읍내동),31768,
82,제7조의3제2항에따른경우,씨유당진시장길점,충청남도 당진시 읍내동 646-4 법무사윤용만사무소,충청남도 당진시 당진시장동길 93. 법무사윤용만사무소 1층 (읍내동),31777,
83,제7조의3제2항에따른경우,씨유당진힐스테이트후문점,충청남도 당진시 송악읍 기지시리 478 다온,충청남도 당진시 송악읍 반촌로 56-15. 다온 1층,31733,
84,제7조의3제2항에따른경우,이마트24 당진정미점,충청남도 당진시 정미면 천의리 248-26,충청남도 당진시 정미면 정미로 715,31800,
85,제7조의3제2항에따른경우,씨유 당진석문센트로점,충청남도 당진시 석문면 통정리 1484,충청남도 당진시 석문면 산단7로 126. 108.109호,31702,
86,제7조의3제2항에따른경우,씨유 당진석문산업단지점,충청남도 당진시 석문면 통정리 1577,충청남도 당진시 석문면 산단3로9길 10-4. A동 101호,31702,
87,제7조의3제2항에따른경우,세븐일레븐 당진가곡선호점,충청남도 당진시 송산면 가곡리 116-10 선호대박로또명당,충청남도 당진시 송산면 송산로 1077. 선호대박로또명당,31709,
88,제7조의3제2항에따른경우,엠컴퍼니,충청남도 당진시 읍내동 543-4 조랑말,충청남도 당진시 당진중앙1로 76. 조랑말 1층 (읍내동),31769,
89,제7조의3제2항에따른경우,세븐일레븐 당진송악월드점,충청남도 당진시 송악읍 복운리 1650-1 정명맨션,충청남도 당진시 송악읍 신복운로4길 18-1. 정명맨션,31724,
90,제7조의3제2항에따른경우,균일슈퍼,충청남도 당진시 합덕읍 운산리 903-1 균일수퍼,충청남도 당진시 합덕읍 버그내2길 23-22. 균일수퍼,31811,
91,제7조의3제2항에따른경우,코리아공구상사,충청남도 당진시 석문면 통정리 1344,충청남도 당진시 석문면 산단3로3길 14-16,31702,
92,제7조의3제2항에따른경우,씨유 당진하늘점,충청남도 당진시 읍내동 1486 당진2차푸르지오,충청남도 당진시 북문로 16. 104호 (읍내동. 당진2차푸르지오),31768,
93,제7조의3제3항에따른경우,씨유 당진합덕산업단지점,충청남도 당진시 합덕읍 석우리 1145,충청남도 당진시 합덕읍 합덕산단4로 22,31810,
94,제7조의3제2항에따른경우,씨유당진채운탑동점,충청남도 당진시 채운동 518-9,충청남도 당진시 대호만로 30-40. 1층 (채운동),31780,
95,제7조의3제2항에따른경우,세븐일레븐 당진합덕운산2호점,충청남도 당진시 합덕읍 운산리 643-1,충청남도 당진시 합덕읍 예덕로 329,31811,
96,제7조의3제2항에따른경우,이마트24 당진해링턴플레이스점,충청남도 당진시 송산면 유곡리 1312 당진 해링턴플레이스 에듀타운,충청남도 당진시 송산면 서정2길 37. 상가동 104호 (당진 해링턴플레이스 에듀타운),31711,
97,제7조의3제2항에따른경우,GS25 당진석문로드점,충청남도 당진시 석문면 통정리 65-3,충청남도 당진시 석문면 북부산업로 2615,31703,
98,제7조의3제2항에따른경우,세븐일레븐 당진읍내쌍용점,충청남도 당진시 읍내동 299-4 쌍용빌딩,충청남도 당진시 계성3길 42. 쌍용빌딩 103호 (읍내동),31770,
99,제7조의3제3항에따른경우,세븐일레븐 당진읍내중앙점,충청남도 당진시 읍내동 527-17,충청남도 당진시 당진중앙2로 103-14 (읍내동),31770,
100,제7조의3제2항에따른경우,세븐일레븐 당진송산점,충청남도 당진시 송산면 유곡리 94-26,충청남도 당진시 송산면 머구나무길 39. 4동 1층,31711,
101,제7조의3제2항에따른경우,세븐일레븐 당진등기소점,충청남도 당진시 읍내동 1335 신영빌,충청남도 당진시 천변2길 7. 신영빌 101호 (읍내동),31776,
102,제7조의3제2항에따른경우,코리아세븐 당진합덕운산점,충청남도 당진시 합덕읍 운산리 930-1,충청남도 당진시 합덕읍 미락1안길 20. 102.103호,31811,
103,제7조의3제2항에따른경우,휴스틸사내매점,충청남도 당진시 송악읍 부곡리 569-1 (주)휴스틸,충청남도 당진시 송악읍 부곡공단로 131 (주)휴스틸,31721,
104,제7조의3제2항에따른경우,(주)코리아세븐 당진롯데캐슬점,충청남도 당진시 송악읍 반촌리 987 당진롯데캐슬,충청남도 당진시 송악읍 반촌로 108. 121동 2층 205.206호 (당진롯데캐슬),31733,
105,제7조의3제2항에따른경우,알찬농축산마트,충청남도 당진시 석문면 통정리 1734 덕암마을,충청남도 당진시 석문면 해명4로1길 20. 덕암마을 1층 104.105호,31703,
106,제7조의3제2항에따른경우,GS25 서해휴게소,충청남도 당진시 송산면 동곡리 306-1 서해휴게소. 한국타이어,충청남도 당진시 송산면 막부리길 218-1. 서해휴게소. 한국타이어,31710,
107,제7조의3제2항에따른경우,면당슈퍼,충청남도 당진시 읍내동 304-62 경동빌라,충청남도 당진시 계성3길 32-39. 상가동 101호 (읍내동. 경동빌라),31770,
108,제7조의3제2항에따른경우,씨유 당진읍내일등점,충청남도 당진시 읍내동 244-8 정미슈퍼,충청남도 당진시 당진중앙1로 176. 정미슈퍼 (읍내동),31770,
109,제7조의3제2항에따른경우,세븐일레븐 당진호서대점,충청남도 당진시 석문면 삼봉리 2241-1,충청남도 당진시 석문면 산단7로 201. 기숙사동 1층 106호,31702,
110,제7조의3제2항에따른경우,이마트24 당진순성로점,충청남도 당진시 순성면 옥호리 1-37,충청남도 당진시 순성면 순성로 727,31758,
111,제7조의3제2항에따른경우,씨유 당진운산중앙점,충청남도 당진시 합덕읍 운산리 932-1 갤러리하우스,충청남도 당진시 합덕읍 미락4길 10. 갤러리하우스 1층,31811,
112,제7조의3제2항에따른경우,GS25 당진석문주공점,충청남도 당진시 석문면 통정리 1733,충청남도 당진시 석문면 해명1로 200. 상가동 101.102.103호 (LH 천년나무 2단지아파트),31703,
113,제7조의3제2항에따른경우,지에스25 당진화력점,충청남도 당진시 석문면 교로리 944-21,충청남도 당진시 석문면 대호만로 2352. 나동 2호,31700,
114,제7조의3제2항에따른경우,세븐일레븐 당진복운행복점,충청남도 당진시 송악읍 복운리 1647-1,충청남도 당진시 송악읍 신복운로4길 6,31724,
115,제7조의3제2항에따른경우,지에스25 당진동부제철점,충청남도 당진시 송악읍 고대리 44-1,충청남도 당진시 송악읍 고잔로 305,31725,
116,제7조의3제2항에따른경우,이마트24 SMART 당진합덕유탑점,충청남도 당진시 우강면 창리 396 합덕 우강 유탑유블레스,충청남도 당진시 우강면 합우로 323-9. 제상가동 101호 (합덕 우강 유탑유블레스),31813,
117,제7조의3제2항에따른경우,씨유 당진기지초점,충청남도 당진시 송악읍 기지시리 508,충청남도 당진시 송악읍 틀모시로 760,31733,
118,제7조의3제2항에따른경우,광목이야기,충청남도 당진시 읍내동 269-8 건강의료기.체육사,충청남도 당진시 당진중앙1로 185. 건강의료기.체육사 1층 (읍내동),31770,
119,제7조의3제2항에따른경우,더블엑스,충청남도 당진시 석문면 통정리 1391 더블엑스,충청남도 당진시 석문면 산단4로 63. 더블엑스,31702,
120,제7조의3제2항에따른경우,본전낚시,충청남도 당진시 채운동 481 본적낚시,충청남도 당진시 대호만로 2-9. 본적낚시 (채운동),31780,
121,제7조의3제2항에따른경우,고잔마트,충청남도 당진시 송악읍 고대리 44-39,충청남도 당진시 송악읍 고잔로 301. 1층 101호,31725,
122,제7조의3제2항에따른경우,세븐일레븐 당진신평로드점,충청남도 당진시 신평면 신당리 264-5,충청남도 당진시 신평면 서해로 7459,31744,
123,제7조의3제2항에따른경우,당진GS25 대덕점,충청남도 당진시 대덕동 1592 케스빌2,충청남도 당진시 먹거리길 115. 케스빌2 (대덕동),31776,
124,제7조의3제2항에따른경우,씨유 당진석포점,충청남도 당진시 송악읍 석포리 407-2 명관빌라1차,충청남도 당진시 송악읍 송악로 422. 명관빌라1차,31727,
125,제7조의3제2항에따른경우,해피편의점,충청남도 당진시 석문면 교로리 540-13,충청남도 당진시 석문면 대호만로 1861. 1층 101호,31700,
126,제7조의3제2항에따른경우,세븐일레븐 당진시곡점,충청남도 당진시 시곡동 120-55 엔젤,충청남도 당진시 시곡로 345-9. 엔젤 (시곡동),31765,
127,제7조의3제2항에따른경우,GS25당진수청점,충청남도 당진시 수청동 1449,충청남도 당진시 수청2길 47 (수청동),31817,
128,제7조의3제2항에따른경우,이편한식자재마트,충청남도 당진시 읍내동 1051 한우목장정육점,충청남도 당진시 무수동7길 109. 한우목장정육점 (읍내동),31772,
129,제7조의3제2항에따른경우,(주)코리아세븐 당진복운중앙점,충청남도 당진시 송악읍 복운리 1651-9 송악성지교회,충청남도 당진시 송악읍 신복운로7길 21. 송악성지교회,31724,
130,제7조의3제2항에따른경우,이마트24 당진G1파크빌점,충청남도 당진시 수청동 999 G1부경파크빌,충청남도 당진시 당진중앙2로 447. G1부경파크빌 118호 (수청동),31771,
131,제7조의3제2항에따른경우,세븐일레븐 신평타운점,충청남도 당진시 신평면 거산리 181-4 예그린장여관,충청남도 당진시 신평면 거산3거리길 11-11. 예그린장여관,31748,
132,제7조의3제2항에따른경우,서해산단복지관,충청남도 당진시 송악읍 청금리 316-33,충청남도 당진시 송악읍 순성로 822-52,31736,
133,제7조의3제2항에따른경우,씨유 당진송산중앙점,충청남도 당진시 송산면 유곡리 1265,충청남도 당진시 송산면 서정로 60. 1층,31711,
134,제7조의3제2항에따른경우,씨유 당진운산점,충청남도 당진시 합덕읍 운산리 910-1,충청남도 당진시 합덕읍 버그내2길 36,31811,
135,제7조의3제2항에따른경우,로또돼지 당진점,충청남도 당진시 원당동 839-6 원당아구찜,충청남도 당진시 원당로 48 (원당동),31767,
136,제7조의3제2항에따른경우,씨유 당진전망대점,충청남도 당진시 신평면 운정리 187-4,충청남도 당진시 신평면 삽교천3길 93. 153호,31744,
137,제7조의3제2항에따른경우,씨유 모다아울렛행담도점,충청남도 당진시 신평면 매산리 516-40 모다 아울렛,충청남도 당진시 신평면 서해안고속도로 276. 모다 아울렛,31750,
138,제7조의3제2항에따른경우,지에스25 합덕운산점,충청남도 당진시 합덕읍 운산리 939-5,충청남도 당진시 합덕읍 미락2안길 24,31811,
139,제7조의3제2항에따른경우,창리상회,충청남도 당진시 우강면 창리 110-2,충청남도 당진시 우강면 면천로 1842,31813,
140,제7조의3제2항에따른경우,세븐일레븐 당진송산로드점,충청남도 당진시 송산면 동곡리 59-4,충청남도 당진시 송산면 송산로 882,31711,
141,제7조의3제2항에따른경우,GS25 당진송산타운점,충청남도 당진시 송산면 유곡리 212-19,충청남도 당진시 송산면 송산로 837,31711,
142,제7조의3제2항에따른경우,공단공구철물,충청남도 당진시 석문면 통정리 1467,충청남도 당진시 석문면 산단3로6길 12,31702,
143,제7조의3제2항에따른경우,세븐일레븐 당진유곡점,충청남도 당진시 송산면 유곡리 236-5,충청남도 당진시 송산면 송산로 792-1,31711,
144,제7조의3제2항에따른경우,세븐일레븐 당진이주단지점,충청남도 당진시 송악읍 복운리 1637-1 황성횟집,충청남도 당진시 송악읍 신복운로6길 4-3. 황성횟집,31724,
145,제7조의3제2항에따른경우,스타할인마트,충청남도 당진시 읍내동 281-1,충청남도 당진시 계성2길 32. 1층 (읍내동),31770,
146,제7조의3제2항에따른경우,원광산업건재,충청남도 당진시 고대면 진관리 684-13,충청남도 당진시 고대면 고대로 112,31793,
147,제7조의3제2항에따른경우,GS25 송악아너스빌점,충청남도 당진시 송악읍 중흥리 887 당진 송악 경남아너스빌,충청남도 당진시 송악읍 중흥1길 50. 지하층 1~2호 (당진 송악 경남아너스빌),31728,
148,제7조의3제2항에따른경우,세븐일레븐 당진고점,충청남도 당진시 채운동 351-5 세븐일레븐 당진고점,충청남도 당진시 백암로 219-16. 101호 (채운동. 세븐일레븐 당진고점),31784,
149,제7조의3제2항에따른경우,GS25 송악대섬점,충청남도 당진시 송악읍 고대리 167-51 다솜종합상사,충청남도 당진시 송악읍 대섬길 40. 다솜종합상사,31726,
150,제7조의3제2항에따른경우,세븐일레븐 당진채운점,충청남도 당진시 채운동 298-2 운학리마을회관,충청남도 당진시 운학길 30-2. 운학리마을회관 (채운동),31784,
151,제7조의3제2항에따른경우,씨유 당진송산타운점,충청남도 당진시 송산면 유곡리 1111,충청남도 당진시 송산면 유곡8길 26. 101호,31710,
152,제7조의3제3항에따른경우,롯데쇼핑(주),충청남도 당진시 원당동 824 롯데마트,충청남도 당진시 정안로 20. 롯데마트 (원당동),31767,
153,제7조의3제2항에따른경우,아세안월드푸드,충청남도 당진시 송악읍 한진리 112-19 일오낚시. 슈퍼,충청남도 당진시 송악읍 한진포구길 13. 일오낚시. 슈퍼,31720,
154,제7조의3제2항에따른경우,CU 당진시청점,충청남도 당진시 수청동 1030,충청남도 당진시 시청2로 18 (수청동),31774,
155,제7조의3제2항에따른경우,미니스톱 당진그랑시아점,충청남도 당진시 송악읍 중흥리 396-1 세종그랑시아,충청남도 당진시 송악읍 중흥1길 51. 상가동 101호 (세종그랑시아),31728,
156,제7조의3제2항에따른경우,씨유(CU)당진공단점,충청남도 당진시 송악읍 복운리 1651-2,충청남도 당진시 송악읍 신복운로2길 19. 1층 (선경빌딩),31724,
157,제7조의3제2항에따른경우,공원수퍼,충청남도 당진시 우강면 송산리 353-13,충청남도 당진시 우강면 우강송산로 63,31754,
158,제7조의3제2항에따른경우,씨유 당진남산공원점,충청남도 당진시 읍내동 206-79 101호,충청남도 당진시 남산공원길 171. 1층 101호 (읍내동),31776,
159,제7조의3제2항에따른경우,(주)코리아세븐 당진휴먼빌점,충청남도 당진시 읍내동 1448 남산공원 휴먼빌 아파트,충청남도 당진시 무수동옛길 99. 121동 102.103.104호 (읍내동. 남산공원 휴먼빌 아파트),31776,
160,제7조의3제2항에따른경우,이(e)편한 식자재 마트,충청남도 당진시 송악읍 반촌리 420-6 반촌명지아파트 101호,충청남도 당진시 송악읍 반촌로 288-5. 101호 (반촌명지아파트),31737,
161,제7조의3제2항에따른경우,길슈퍼,충청남도 당진시 우강면 송산리 567,충청남도 당진시 우강면 덕평로 783,31754,
162,제7조의3제2항에따른경우,주식회사 대륙마트,충청남도 당진시 우강면 송산리 423-1,충청남도 당진시 우강면 면천로 1685,31754,
163,제7조의3제2항에따른경우,세븐일레븐 당진시립중앙점,충청남도 당진시 읍내동 232-85 당진시시립중앙도서관,충청남도 당진시 당진중앙2로 132-30. 당진시시립중앙도서관 (읍내동),31776,
164,제7조의3제2항에따른경우,씨유 당진시티프라디움2차점,충청남도 당진시 대덕동 1883 당진 대덕 수청 시티프라디움 2차 상가동 201호,충청남도 당진시 대덕1로 50. 상가동 201호 (대덕동. 당진 대덕 수청 시티프라디움 2차),31787,
165,제7조의3제3항에따른경우,당찬뉴월드마트,충청남도 당진시 읍내동 541-3 108호,충청남도 당진시 당진중앙3로 72. 108호 (읍내동),31777,
166,제7조의3제3항에따른경우,세븐일레븐 당진순성점,충청남도 당진시 순성면 봉소리 67,충청남도 당진시 순성면 순성로 456. 1.2호,31757,
167,제7조의3제2항에따른경우,지에스(gs)25삼봉베스트점,충청남도 당진시 석문면 삼봉리 821-16,충청남도 당진시 석문면 대호로 1604,31706,
168,제7조의3제2항에따른경우,세븐일레븐 당진현대제철소2점,충청남도 당진시 송산면 동곡리 산 1 현대하이스코(주),충청남도 당진시 송산면 북부산업로 1526. 현대하이스코(주),31718,
169,제7조의3제2항에따른경우,지에스25당진계성,충청남도 당진시 읍내동 301-29,충청남도 당진시 계성3길 20-22. 1층 (읍내동),31770,
170,제7조의3제2항에따른경우,미스미스터 전자담배,충청남도 당진시 송악읍 복운리 1649-10 102호,충청남도 당진시 송악읍 신복운로4길 6-55. 102호,31724,
171,제7조의3제2항에따른경우,씨유 당진 우두점,충청남도 당진시 우두동 1340,충청남도 당진시 우두로2길 1 (우두동),31768,
172,제7조의3제2항에따른경우,(OK365) 남산공원점,충청남도 당진시 읍내동 232-73,충청남도 당진시 남산공원길 71-2 (읍내동),31776,
173,제7조의3제2항에따른경우,당진로또낚시,충청남도 당진시 원당동 925-3,충청남도 당진시 서해로 5849 (원당동),31768,
174,제7조의3제2항에따른경우,씨유 당진유곡점,충청남도 당진시 송산면 유곡리 260,충청남도 당진시 송산면 송산로 763. 1층,31711,
175,제7조의3제3항에따른경우,씨유 당진원당점,충청남도 당진시 수청동 983 송연빌딩,충청남도 당진시 밤절로 152. 송연빌딩 103.104호 (수청동),31771,
176,제7조의3제3항에따른경우,다올마트,충청남도 당진시 송악읍 기지시리 47-18,충청남도 당진시 송악읍 틀모시로 713,31737,
177,제7조의3제2항에따른경우,씨유 당진한라비발디점,충청남도 당진시 수청동 954-6 한라비발디캠퍼스,충청남도 당진시 동부로 99. 상가동 106.107호 (수청동. 한라비발디캠퍼스),31772,
178,제7조의3제2항에따른경우,지에스25 당진수청중흥정,충청남도 당진시 대덕동 1879 중흥s클래스,충청남도 당진시 대덕1로 102-15. 109.110호 (대덕동. 중흥s클래스),31787,
179,제7조의3제3항에따른경우,지에스25 당진원당점,충청남도 당진시 수청동 982 106호,충청남도 당진시 밤절로 146. 1층 106호 (수청동),31771,
180,제7조의3제2항에따른경우,씨유 당진청광플러스점,충청남도 당진시 읍내동 238-5 당진중앙로청광플러스원아파트 B08호,충청남도 당진시 당진중앙2로 184. B08호 (읍내동. 당진중앙로청광플러스원아파트),31776,
181,제7조의3제2항에따른경우,청담한식당,충청남도 당진시 석문면 통정리 1580 토담휴로스1차 116호,충청남도 당진시 석문면 산단3로10길 7. 토담휴로스1차 116호,31702,
182,제7조의3제2항에따른경우,세븐일레븐 당진신평행운점,충청남도 당진시 신평면 부수리 240-4,충청남도 당진시 신평면 북부산업로 258,31743,
183,제7조의3제2항에따른경우,주식회사 그린유통 지점,충청남도 당진시 송산면 유곡리 1070,충청남도 당진시 송산면 유곡로 54,31710,
184,제7조의3제2항에따른경우,우리마을 구판장,충청남도 당진시 송악읍 부곡리 318-1,충청남도 당진시 송악읍 송악로 926,31723,
185,제7조의3제2항에따른경우,해나리오마트,충청남도 당진시 읍내동 1451 당진1차푸르지오 120동 124호,충청남도 당진시 북문로 15. 120동 1층 124호 (읍내동. 당진1차푸르지오),31768,
186,제7조의3제2항에따른경우,씨유당진시티프라디움1차점,충청남도 당진시 대덕동 1876 시티프라디움 1차 상가동 109호,충청남도 당진시 대덕1로 102. 상가동 109호 (대덕동. 당진 대덕 수청 시티프라디움 1차),31787,
187,제7조의3제2항에따른경우,지에스(GS)25 당진우민점,충청남도 당진시 시곡동 134-2,충청남도 당진시 수청로 300-20 (시곡동),31765,
188,제7조의3제2항에따른경우,힐링복권,충청남도 당진시 송악읍 복운리 1646-5,충청남도 당진시 송악읍 신복운로2길 13. 1층,31724,
189,제7조의3제2항에따른경우,(주)삼화에너지 세븐일레븐당진석문후후점,충청남도 당진시 석문면 삼화리 20-3,충청남도 당진시 석문면 북부산업로 2384,31704,
190,제7조의3제2항에따른경우,바바베이프,충청남도 당진시 읍내동 531-3 1층상가 일부(피자옆 상가),충청남도 당진시 당진중앙2로 91. 1층상가 일부(피자옆 상가) (읍내동),31769,
191,제7조의3제2항에따른경우,꿀단지,충청남도 당진시 정미면 천의리 138-3 101호,충청남도 당진시 정미면 상구실로 3-3. 101호,31800,
192,제7조의3제2항에따른경우,지에스(GS)25 신평미소점,충청남도 당진시 신평면 거산리 873,충청남도 당진시 신평면 거산3거리길 74-32 (신평신성미소지움아파트),31748,
193,제7조의3제2항에따른경우,이마트24 당진현대제철점,충청남도 당진시 송악읍 고대리 194-1092,충청남도 당진시 송악읍 북부산업로 1398-5,31719,
194,제7조의3제2항에따른경우,세븐일레븐 당진북부산업로점,충청남도 당진시 송악읍 고대리 34-6,충청남도 당진시 송악읍 대섬길 238,31725,
195,제7조의3제2항에따른경우,주식회사 우성마트,충청남도 당진시 합덕읍 운산리 334 우성마트,충청남도 당진시 합덕읍 미락1길 20. 우성마트,31811,
196,제7조의3제2항에따른경우,씨유(CU)당진장고항점,충청남도 당진시 석문면 장고항리 551-4,충청남도 당진시 석문면 장고항로 296-4,31701,
197,제7조의3제2항에따른경우,씨유당진읍내빌리지점,충청남도 당진시 읍내동 859,충청남도 당진시 무수동5길 9. 1층 (읍내동),31772,
198,제7조의3제2항에따른경우,지에스(GS)25 송악센트럴,충청남도 당진시 송악읍 복운리 1-218 103호,충청남도 당진시 송악읍 구래2길 19-7. 1층 103호,31722,
199,제7조의3제2항에따른경우,씨유당진시청광장점,충청남도 당진시 수청동 1040 로고스타워,충청남도 당진시 시청2로 49-25. 로고스타워 115.116호 (수청동),31774,
200,제7조의3제2항에따른경우,당진전자담배마켓,충청남도 당진시 우두동 1437,충청남도 당진시 우두로1길 6-4 (우두동),31768,
201,제7조의3제2항에따른경우,포유25시편의점 복권방,충청남도 당진시 신평면 상오리 512번지 3호,충청남도 당진시 신평면 덕평로 1304. 3동,31747,
202,제7조의3제3항에따른경우,영일슈퍼,충청남도 당진시 수청동 979번지 당진공영버스터미널,충청남도 당진시 밤절로 149. 당진공영버스터미널 1동 (수청동),31771,
203,제7조의3제2항에따른경우,환영매점,충청남도 당진시 석문면 삼화리 650번지 5호 환경철강공업(주) 구내매점,충청남도 당진시 석문면 보덕포로 587. 환경철강공업(주) 구내매점,31704,
204,제7조의3제2항에따른경우,지에스(GS)25 당진대상점,충청남도 당진시 송산면 금암리 25번지 10호,충청남도 당진시 송산면 송산로 158. 1층,31717,
205,제7조의3제3항에따른경우,마마트 당진점,충청남도 당진시 수청동 979번지 당진공영버스터미널,충청남도 당진시 밤절로 149. 당진공영버스터미널 109호 (수청동),31771,
206,제7조의3제2항에따른경우,씨유 당진서정초점,충청남도 당진시 신평면 거산리 12-24,충청남도 당진시 신평면 거산3거리길 39. 1층,31748,
207,제7조의3제2항에따른경우,금손로또판매점,충청남도 당진시 읍내동 451번지 11호,충청남도 당진시 서해로 5760. A동 101호 (읍내동),31769,
208,제7조의3제2항에따른경우,씨유합덕중앙점,충청남도 당진시 합덕읍 운산리 288번지 3호,충청남도 당진시 합덕읍 합우로 135,31812,
209,제7조의3제2항에따른경우,지에스(GS)25 당진왜목마을점,충청남도 당진시 석문면 교로리 844번지 15호 GS25 당진왜목마을점,충청남도 당진시 석문면 왜목길 30. GS25 당진왜목마을점,31700,
210,제7조의3제2항에따른경우,이마트24 당진송산점,충청남도 당진시 송산면 유곡리 219번지 11호,충청남도 당진시 송산면 송산로 817,31711,
211,제7조의3제2항에따른경우,지에스25 당진부경,충청남도 당진시 원당동 1226번지 파크빌아파트,충청남도 당진시 당진중앙2로 331. 상가동동 101. 103호 (원당동. 파크빌아파트),31771,
212,제7조의3제3항에따른경우,세븐일레븐 당진정미휴게소점,충청남도 당진시 정미면 대운산리 691번지 1호 수운휴게소,충청남도 당진시 정미면 서해로 4909. 수운휴게소,31801,
213,제7조의3제2항에따른경우,(주)규봉그룹,충청남도 당진시 석문면 교로리 944번지 3호 대호펜션타운,충청남도 당진시 석문면 대호만로 2358. 대호펜션타운,31700,
214,제7조의3제2항에따른경우,한빛할인마트,충청남도 당진시 송산면 유곡리 210번지 7호 애정주택,충청남도 당진시 송산면 서정로 98. 애정주택 1층,31711,
215,제7조의3제2항에따른경우,지에스(GS)25 당진우두점,충청남도 당진시 우두동 1411번지,충청남도 당진시 우두로1길 5-7. 1층 (우두동),31768,
216,제7조의3제2항에따른경우,세븐일레븐 당진읍내스타점,충청남도 당진시 읍내동 557번지 12호,충청남도 당진시 당진중앙2로 33-4. 102. 103호 (읍내동),31769,
217,제7조의3제2항에따른경우,(주)비지에프리테일 당진현대제철서문복지관점,충청남도 당진시 송악읍 고대리 167번지 32호 현대제철주식회사,충청남도 당진시 송악읍 북부산업로 1480. 현대제철주식회사 가1블럭 17동 후생2동 2층 서문복지관호,31719,
218,제7조의3제2항에따른경우,(주)비지에프리테일 당진현대제철한마음관점,충청남도 당진시 송악읍 고대리 167번지 32호 현대제철주식회사,충청남도 당진시 송악읍 북부산업로 1480. 현대제철주식회사 B1블럭 16동 1층 한마음관호,31719,
219,제7조의3제2항에따른경우,(주)비지에프리테일 당진현대제철한아름관점,충청남도 당진시 송악읍 고대리 167번지 32호 현대제철주식회사,충청남도 당진시 송악읍 북부산업로 1480. 현대제철주식회사 나1블럭 326동 1층 한아름관호,31719,
220,제7조의3제2항에따른경우,세븐일레븐 당진우두공원점,충청남도 당진시 읍내동 1582번지,충청남도 당진시 북문로1길 29. 1층 (읍내동),31768,
221,제7조의3제2항에따른경우,씨유당진읍내스타점,충청남도 당진시 읍내동 1561번지,충청남도 당진시 북문로1길 37-7 (읍내동),31768,
222,제7조의3제2항에따른경우,(주)비지에프리테일 당진현대제철사내복지관점,충청남도 당진시 송악읍 고대리 167번지 32호 현대제철주식회사,충청남도 당진시 송악읍 북부산업로 1480. 현대제철주식회사 사내복지관 224동 2층 나1블럭호,31719,
223,제7조의3제2항에따른경우,(주)비지에프리테일 당진현대제철동문복지관,충청남도 당진시 송악읍 고대리 167번지 32호 현대제철주식회사,충청남도 당진시 송악읍 북부산업로 1480. 현대제철주식회사 특수강 후생동  동문복지관1층 B1블럭 55호,31719,
224,제7조의3제2항에따른경우,씨유당진신성대 행운점,충청남도 당진시 정미면 덕마리 214번지 조이할인마트,충청남도 당진시 정미면 덕마길 38. 조이할인마트 1층 1호,31801,
225,제7조의3제2항에따른경우,(주)아이비유통,충청남도 당진시 신평면 매산리 513번지,충청남도 당진시 신평면 서해안고속도로 275. 행담도휴게소 C2구역 하행 편의점,31750,
226,제7조의3제2항에따른경우,이마트24 신성대학교점,충청남도 당진시 정미면 덕마리 220번지 신성대학교,충청남도 당진시 정미면 대학로 1. 신성대학교 학생회관 1층,31801,
227,제7조의3제2항에따른경우,이마트24 신성대인성관점,충청남도 당진시 정미면 덕마리 220번지 신성대학교,충청남도 당진시 정미면 대학로 1. 신성대학교 제3 인성관 1층,31801,
228,제7조의3제2항에따른경우,지에스(GS)25 당진서해로점,충청남도 당진시 신평면 거산리 453번지 7호,충청남도 당진시 신평면 서해로 6869,31739,
229,제7조의3제2항에따른경우,청룡로또판매점,충청남도 당진시 읍내동 153번지 11호,충청남도 당진시 청룡길 159 (읍내동),31777,
230,제7조의3제3항에따른경우,마켓다원 주식회사,충청남도 당진시 시곡동 67번지,충청남도 당진시 서해로 6283. 2동 (시곡동),31764,
231,제7조의3제2항에따른경우,지에스(GS)25 당진행복점,충청남도 당진시 읍내동 1565번지,충청남도 당진시 북문로1길 35 (읍내동),31768,
232,제7조의3제2항에따른경우,(주)비지에프리테일 E행담도휴게소 상행선점,충청남도 당진시 신평면 매산리 513번지,충청남도 당진시 신평면 서해안고속도로 275,31750,
233,제7조의3제2항에따른경우,세븐일레븐 당진도성리점,충청남도 당진시 신평면 도성리 22번지 6호,충청남도 당진시 신평면 북부산업로 71-4. 1층 101호,31744,
234,제7조의3제2항에따른경우,행이슈퍼,충청남도 당진시 송악읍 복운리 1630번지 5호 화성프라자,충청남도 당진시 송악읍 신복운로5길 3. 화성프라자 1층 103. 104호,31724,
235,제7조의3제2항에따른경우,씨유당진읍내희망점. 아름방,충청남도 당진시 읍내동 772번지,충청남도 당진시 무수동6길 7-42. 2층 (읍내동),31772,
236,제7조의3제2항에따른경우,서울마트,충청남도 당진시 우강면 송산리 558번지 9호 서울회관,충청남도 당진시 우강면 덕평로 779. 서울회관 1층,31754,
237,제7조의3제2항에따른경우,자연애마트,충청남도 당진시 시곡동 71번지 2호,충청남도 당진시 서해로 6260. C동 (시곡동),31765,
238,제7조의3제2항에따른경우,씨유당진원당이안점,충청남도 당진시 원당동 851번지 5호,충청남도 당진시 원당로 50-20 (원당동),31767,
239,제7조의3제3항에따른경우,대륜주식회사,충청남도 당진시 송악읍 중흥리 208번지 32호,충청남도 당진시 송악읍 중흥1길 59,31728,
240,제7조의3제2항에따른경우,지에스25(GS25) 당진구래점,충청남도 당진시 송악읍 복운리 1번지 245호,충청남도 당진시 송악읍 구래3길 19-4,31722,
241,제7조의3제2항에따른경우,케이티마트,충청남도 당진시 읍내동 451번지 58호 우진빌딩,충청남도 당진시 서해로 5764. 우진빌딩 105호 (읍내동),31769,
242,제7조의3제2항에따른경우,복권판매. 미니슈퍼,충청남도 당진시 신평면 금천리 317-37,충청남도 당진시 신평면 신평길 100,31741,
243,제7조의3제2항에따른경우,이마트24 당진송악제일점,충청남도 당진시 송악읍 가학리 380번지 10호 팔아정,충청남도 당진시 송악읍 송악로 161. 팔아정,31732,
244,제7조의3제2항에따른경우,씨유(CU) 당진반촌점,충청남도 당진시 송악읍 반촌리 375번지,충청남도 당진시 송악읍 반촌로 273-1. 1층,31734,
245,제7조의3제2항에따른경우,송악로또판매점,충청남도 당진시 송악읍 반촌리 767,충청남도 당진시 송악읍 서해로 6431. 2동 1호,31733,
246,제7조의3제2항에따른경우,주식회사 한사랑식자재유통,충청남도 당진시 채운동 242번지 11호,충청남도 당진시 서부로 153 (채운동),31785,
247,제7조의3제2항에따른경우,이마트24 당진한진점,충청남도 당진시 송악읍 한진리 193번지 19호,충청남도 당진시 송악읍 북부산업로 1032. 이마트24 당진한진점,31720,
248,제7조의3제2항에따른경우,세븐일레븐당진세한대점,충청남도 당진시 신평면 남산리 4번지 1호 세한대학교 당진캠퍼스,충청남도 당진시 신평면 세한대길 33. 세한대학교 당진캠퍼스 제1관동 지하1층,31746,
249,제7조의3제2항에따른경우,세븐일레븐 당진안섬포구점,충청남도 당진시 송악읍 고대리 154번지 131호,충청남도 당진시 송악읍 안섬포구길 9,31719,
250,제7조의3제2항에따른경우,GS25 당진합덕센터점,충청남도 당진시 합덕읍 운산리 914번지 1호,충청남도 당진시 합덕읍 버그내2길 4,31811,
251,제7조의3제2항에따른경우,이마트24 당진고대점,충청남도 당진시 고대면 용두리 511번지 5호 365할인마트,충청남도 당진시 고대면 보덕포로 172. 365할인마트,31793,
252,제7조의3제2항에따른경우,24시 마트,충청남도 당진시 송악읍 기지시리 235번지 1호 삼거리식당,충청남도 당진시 송악읍 기지시1길 2. 삼거리식당,31733,
253,제7조의3제2항에따른경우,이마트24 당진장고항점,충청남도 당진시 석문면 장고항리 615번지 7호,충청남도 당진시 석문면 장고항로 318,31701,
254,제7조의3제2항에따른경우,세븐일레븐 당진현대타운점,충청남도 당진시 송악읍 고대리 194번지 1477호,충청남도 당진시 송악읍 대섬길 70-32,31726,
255,제7조의3제2항에따른경우,주식회사 오성상사,충청남도 당진시 송악읍 고대리 167번지 32호 현대제철주식회사,충청남도 당진시 송악읍 북부산업로 1480. 현대제철주식회사,31719,
256,제7조의3제2항에따른경우,이마트24 당진신평대아점,충청남도 당진시 신평면 도성리 499번지 2호,충청남도 당진시 신평면 서해로 7437. 1층,31744,
257,제7조의3제2항에따른경우,현대공구,충청남도 당진시 읍내동 743번지 현대공구철물,충청남도 당진시 무수동로 246. 현대공구철물 (읍내동),31772,
258,제7조의3제2항에따른경우,GS25 당진송산점,충청남도 당진시 송산면 상거리 253번지 9호,충청남도 당진시 송산면 틀모시로 1122,31714,
259,제7조의3제2항에따른경우,수원슈퍼,충청남도 당진시 신평면 금천리 1152번지 14호,충청남도 당진시 신평면 거산3거리길 81,31748,
260,제7조의3제2항에따른경우,영호남상회,충청남도 당진시 신평면 운정리 168번지 8호,충청남도 당진시 신평면 삽교천길 96. 나동 104.105호,31744,
261,제7조의3제3항에따른경우,송악엘마트,충청남도 당진시 송악읍 기지시리 350번지 7호 엘마트,충청남도 당진시 송악읍 반촌로 29-8. 엠마트,31732,
262,제7조의3제2항에따른경우,CU 당진채운점,충청남도 당진시 채운동 1105번지,충청남도 당진시 시장중앙길 27. 현대전기조명 (채운동),31777,
263,제7조의3제2항에따른경우,당진제일주유소,충청남도 당진시 신평면 상오리 588번지 1호,충청남도 당진시 신평면 예당평야로 1931,31747,
264,제7조의3제2항에따른경우,고모네슈퍼,충청남도 당진시 행정동 449번지 5호,충청남도 당진시 역천로 697-1 (행정동),31783,
265,제7조의3제2항에따른경우,GS25채운주공점,충청남도 당진시 채운동 1128번지 채운휴먼시아아파트,충청남도 당진시 대호만로 30-33. 상가동 101호 (채운동. 채운휴먼시아아파트),31780,
266,제7조의3제3항에따른경우,CU 당진발전소점,충청남도 당진시 석문면 교로리 907번지 1호,충청남도 당진시 석문면 교로길 3. 윤선이네막창구이,31700,
267,제7조의3제2항에따른경우,이마트24  당진문예의전당점,충청남도 당진시 읍내동 1054번지,충청남도 당진시 시청1로 86. 1층 101호 (읍내동),31772,
268,제7조의3제2항에따른경우,CU 당진신성점,충청남도 당진시 송악읍 복운리 1641번지 1호 훼미리마트,충청남도 당진시 송악읍 신복운로7길 4-1. 훼미리마트,31724,
269,제7조의3제2항에따른경우,CU 당진아이비점,충청남도 당진시 신평면 거산리 190번지 12호,충청남도 당진시 신평면 거산3거리길 11-33,31748,
270,제7조의3제2항에따른경우,터미널슈퍼,충청남도 당진시 석문면 난지도리 4-8 여객터미널,충청남도 당진시 석문면 난지1길 355. 여객터미널,31708,
271,제7조의3제2항에따른경우,세븐일레븐 당진면천점,충청남도 당진시 면천면 성상리 893번지 9호,충청남도 당진시 면천면 한천로 865,31804,
272,제7조의3제2항에따른경우,명가원조호두과자,충청남도 당진시 송악읍 부곡리 133번지 32호 삼일기업물류.제비표페인트,충청남도 당진시 송악읍 북부산업로 831. 명가원조호두과자,31723,
273,제7조의3제2항에따른경우,이마트24 당진IC점,충청남도 당진시 송악읍 반촌리 839번지,충청남도 당진시 송악읍 반촌로 161-8,31734,
274,제7조의3제2항에따른경우,세븐일레븐 합덕교동길점,충청남도 당진시 합덕읍 운산리 291번지 59호,충청남도 당진시 합덕읍 합덕교동2길 33. 1층,31813,
275,제7조의3제2항에따른경우,GS25 당진복운점,충청남도 당진시 송악읍 복운리 1649번지 5호 고려빌딩,충청남도 당진시 송악읍 신복운로4길 6-43. 1층 (고려빌딩),31724,
276,제7조의3제2항에따른경우,세븐일레븐 당진신평중앙지점,충청남도 당진시 신평면 거산리 4번지 12호,충청남도 당진시 신평면 거산3거리길 74-45. 101호,31748,
277,제7조의3제2항에따른경우,GS25 세한대타운점,충청남도 당진시 신평면 남산리 3번지 7호,충청남도 당진시 신평면 세한대길 22-62,31746,
278,제7조의3제2항에따른경우,이마트24 당진세한대점,충청남도 당진시 신평면 남산리 4번지 9호,충청남도 당진시 신평면 세한대길 22-35,31746,
279,제7조의3제2항에따른경우,GS25 당진이안점,충청남도 당진시 읍내동 1096번지,충청남도 당진시 무수동7길 90. 101호 (읍내동),31774,
280,제7조의3제2항에따른경우,에스마트 편의점,충청남도 당진시 송산면 상거리 99번지 16호,충청남도 당진시 송산면 현대제철로 266,31714,
281,제7조의3제2항에따른경우,GS25 뉴당진발전소점,충청남도 당진시 석문면 교로리 901번지 20호,충청남도 당진시 석문면 대호만로 2265-1,31700,
282,제7조의3제2항에따른경우,와이비 마트,충청남도 당진시 합덕읍 대전리 669번지 1호,충청남도 당진시 합덕읍 인더스파크로 70 (주)비츠로셀 사무동 2층,31816,
283,제7조의3제2항에따른경우,세븐일레븐 당진한진타운점,충청남도 당진시 송악읍 한진리 170번지 10호,충청남도 당진시 송악읍 부곡공단로 412-25. 파인빌 B동 101호,31720,
284,제7조의3제2항에따른경우,당진석포로드 세븐일레븐,충청남도 당진시 송악읍 석포리 318번지 4호,충청남도 당진시 송악읍 송악로 516,31727,
285,제7조의3제2항에따른경우,천안정호두과자,충청남도 당진시 시곡동 86번지 6호,충청남도 당진시 서해로 6298 (시곡동),31765,
286,제7조의3제2항에따른경우,카페컴온,충청남도 당진시 읍내동 423번지 13호,충청남도 당진시 서해로 5748. 102호 (읍내동),31769,
287,제7조의3제2항에따른경우,GS25 당진양우내안점,충청남도 당진시 채운동 127번지 11호 양우내안애 에코하임,충청남도 당진시 백암로 99. 상가동동 110. 111호 (채운동. 양우내안애 에코하임),31784,
288,제7조의3제2항에따른경우,발전식품. 슈퍼,충청남도 당진시 석문면 교로리 929번지 19호,충청남도 당진시 석문면 대호만로 2298,31700,
289,제7조의3제2항에따른경우,씨유 당진동국제강 기숙사점,충청남도 당진시 송산면 금암리 36번지 1호 페럼빌,충청남도 당진시 송산면 송산로 125. 관리동 (페럼빌),31717,
290,제7조의3제2항에따른경우,동진슈퍼,충청남도 당진시 송악읍 반촌리 374번지 3호 동진아파트,충청남도 당진시 송악읍 반촌로 267. 105호 (동진아파트),31734,
291,제7조의3제2항에따른경우,석문식품,충청남도 당진시 읍내동 145번지 12호,충청남도 당진시 당진시장길 99. 44. 45호 (읍내동),31777,
292,제7조의3제2항에따른경우,이마트24 당진한진포구점,충청남도 당진시 송악읍 한진리 116번지,충청남도 당진시 송악읍 한진1길 244-37,31720,
293,제7조의3제3항에따른경우,데이앤데이 당진점,충청남도 당진시 송악읍 기지시리 487번지,충청남도 당진시 송악읍 반촌로 56-58. 1. 2층,31733,
294,제7조의3제2항에따른경우,담배스토어,충청남도 당진시 송악읍 기지시리 326번지 1호,충청남도 당진시 송악읍 기지시1길 48,31733,
295,제7조의3제2항에따른경우,마마트,충청남도 당진시 채운동 1130번지,충청남도 당진시 남부로 138. 101호 (채운동),31778,
296,제7조의3제2항에따른경우,GS25 당진에코점,충청남도 당진시 원당동 733번지 3호,충청남도 당진시 원당로 115-10. 101호 (원당동),31767,
297,제7조의3제2항에따른경우,GS25당진퍼스트점,충청남도 당진시 대덕동 1484번지 디딜방아,충청남도 당진시 청룡길 53. 디딜방아 (대덕동),31777,
298,제7조의3제2항에따른경우,(주)코리아세븐 당진송악중앙점,충청남도 당진시 송악읍 복운리 1638번지 7호 웰빙하우스,충청남도 당진시 송악읍 신복운로7길 13-1. 1층 (웰빙하우스),31724,
299,제7조의3제2항에따른경우,세븐일레븐 당진신성대원룸점,충청남도 당진시 정미면 덕마리 437번지 11호,충청남도 당진시 정미면 대학로 28-4,31801,
300,제7조의3제2항에따른경우,GS25 당진성모점,충청남도 당진시 읍내동 568번지 2호,충청남도 당진시 당진중앙1로 53 (읍내동),31769,
301,제7조의3제2항에따른경우,지에스(GS)25 당진한성필점,충청남도 당진시 대덕동 1808번지 한성 필하우스,충청남도 당진시 남부로 200. B층 104호 (대덕동. 한성 필하우스),31778,
302,제7조의3제2항에따른경우,장정상회,충청남도 당진시 대호지면 장정리 73번지 1호,충청남도 당진시 대호지면 4.4만세로 491,31797,
303,제7조의3제2항에따른경우,항만편의점,충청남도 당진시 석문면 장고항리 625번지 40호,충청남도 당진시 석문면 장고항로 334-48,31701,
304,제7조의3제2항에따른경우,세븐일레븐 당진현대아파트점,충청남도 당진시 시곡동 120번지 9호 현대그린아파트,충청남도 당진시 서해로 6258-8. 7호 (시곡동. 현대그린아파트),31765,
305,제7조의3제2항에따른경우,세븐일레븐 송악보건소점,충청남도 당진시 송악읍 기지시리 322번지 7호,충청남도 당진시 송악읍 틀모시로 791,31733,
306,제7조의3제2항에따른경우,씨유 당진석문행복점,충청남도 당진시 석문면 통정리 1730번지,충청남도 당진시 석문면 해명3로 10. 102. 103호,31703,
307,제7조의3제2항에따른경우,기지시 정유소&슈퍼,충청남도 당진시 송악읍 기지시리 153번지 16호 차부슈퍼,충청남도 당진시 송악읍 반촌로 98-2,31733,
308,제7조의3제2항에따른경우,씨유 당진삼봉중앙점,충청남도 당진시 석문면 921번지 11호,충청남도 당진시 석문면 대호로 1577-1,343-850,
309,제7조의3제2항에따른경우,25시마트, ,충청남도 당진시 석문면 통정3길 4,31703,
310,제7조의3제2항에따른경우,씨유 당진스타점, ,충청남도 당진시 당진중앙2로 33-18 (읍내동),31769,
311,제7조의3제2항에따른경우,세븐일레븐, ,충청남도 당진시 운곡로 197-8. 1층 104호 (채운동. 신당진이안아파트 근린생활시설),31781,
312,제7조의3제2항에따른경우,씨유 신성대일등점, ,충청남도 당진시 정미면 산동로 135,31801,
313,제7조의3제2항에따른경우,월드마트, ,충청남도 당진시 합덕읍 버그내2길 31-15,31811,
314,제7조의3제2항에따른경우,블룸(Bloom), ,충청남도 당진시 송악읍 신복운로2길 31-16,31724,
315,제7조의3제2항에따른경우,GS25당진한빛점, ,충청남도 당진시 송악읍 반촌로 125. 102동 101호 (한빛아파트),31733,
316,제7조의3제2항에따른경우,동신종합상사, ,충청남도 당진시 서해로 6089-56 (시곡동. 당진공구상가4단지),31764,
317,제7조의3제2항에따른경우,세븐일레븐 당진원당로드점, ,충청남도 당진시 원당로 102 (원당동),31767,
318,제7조의3제2항에따른경우,씨유 당진송악본전낚시점, ,충청남도 당진시 송악읍 북부산업로 1038. B동 109호,31720,
319,제7조의3제2항에따른경우,지에스25 당진일교점, ,충청남도 당진시 백암로 247 (채운동. 당진일교점),31784,
320,제7조의3제2항에따른경우,GS25 당진IC점, ,충청남도 당진시 송악읍 반촌로 241,31734,
321,제7조의3제2항에따른경우,로또, ,충청남도 당진시 합덕읍 합우로 86,31811,
322,제7조의3제2항에따른경우,씨유 당진읍내 사랑점, ,충청남도 당진시 무수동4길 8-69 (읍내동),31772,
323,제7조의3제2항에따른경우,CU원당사거리점, ,충청남도 당진시 밤절로 72-6 (원당동),31771,
324,제7조의3제2항에따른경우,GS25 당진읍내중앙점, ,충청남도 당진시 무수동로 77 (읍내동. 문예슈퍼),31776,
325,제7조의3제2항에따른경우,신촌슈퍼마켓, ,충청남도 당진시 합덕읍 상덕로 620 (신촌슈퍼),31815,
326,제7조의3제2항에따른경우,해변마트, ,충청남도 당진시 석문면 난지2길 90-4,31708,
327,제7조의3제3항에따른경우,베스트아울렛DC마트, ,충청남도 당진시 당진중앙2로 54 (읍내동. 당진축협),31777,
328,제7조의3제2항에따른경우,GS 당진초원, ,충청남도 당진시 무수동1안길 47-26 (읍내동),31774,
329,제7조의3제2항에따른경우,세븐일레븐 당진IC점, ,충청남도 당진시 송악읍 반촌로 225 (대신공인중개사.현대개발),31734,
330,제7조의3제2항에따른경우,세븐일레븐 당진현대점, ,충청남도 당진시 송산면 송산로 765-17,31711,
331,제7조의3제2항에따른경우,조이할인마트, ,충청남도 당진시 송산면 송산로 644-15. A-2동,31712,
332,제7조의3제2항에따른경우,알파마트, ,충청남도 당진시 송악읍 북부산업로 1228,31719,
333,제7조의3제2항에따른경우,누리네슈퍼, ,충청남도 당진시 석문면 원삼화로 4 (누리네슈퍼),31704,
334,제7조의3제2항에따른경우,대한농약사, ,충청남도 당진시 합덕읍 버그내1길 98 (대한농약사),31812,
335,제7조의3제2항에따른경우,지예상사, ,충청남도 당진시 당진중앙1로 145 (읍내동),31770,
336,제7조의3제2항에따른경우,씨유당진보건소정문점, ,충청남도 당진시 서부로 39-3. 1층 (채운동),31785,
337,제7조의3제2항에따른경우,이마트24 당진보람점, ,충청남도 당진시 송악읍 신평로 1469. 상가동 (동부제강(주)사원임대아파트),31728,
338,제7조의3제2항에따른경우,GS25 당진정미, ,충청남도 당진시 정미면 4.4만세로 706,31800,
339,제7조의3제2항에따른경우,세븐일레븐 당진푸르지오점, ,충청남도 당진시 북문로 15 (읍내동. 당진1차푸르지오),31768,
340,제7조의3제2항에따른경우,대상농약자재마트, ,충청남도 당진시 신평면 덕평로 1193,31747,
341,제7조의3제2항에따른경우,세븐일레븐 당진청룡길점, ,충청남도 당진시 청룡길 16 (대덕동. 세영빌딩),31776,
342,제7조의3제2항에따른경우,이마트24 당진신평코아루점, ,충청남도 당진시 신평면 거산3거리길 74-11. 상가동 101호 (당진신평코아루아파트),31748,
343,제7조의3제2항에따른경우,씨유수청S점, ,충청남도 당진시 대덕1로 120 (대덕동. 대덕마을5단지),31787,
344,제7조의3제2항에따른경우,풍성슈퍼, ,충청남도 당진시 면천면 옥수로 341,31806,
345,제7조의3제2항에따른경우,로또 복권방, ,충청남도 당진시 송악읍 반촌로 199,31734,
346,제7조의3제2항에따른경우,GS25 당진로드, ,충청남도 당진시 송산로 222-9 (원당동),31763,
347,제7조의3제2항에따른경우,나눔로또복권판매, ,충청남도 당진시 동부로 223. B동 108호 (원당동),31767,
348,제7조의3제2항에따른경우,미가, ,충청남도 당진시 정미면 상구실로 102-7,31800,
349,제7조의3제2항에따른경우,24시 편의점, ,충청남도 당진시 석문면 대호만로 2892 (24시마트),31700,
350,제7조의3제2항에따른경우,바다정원, ,충청남도 당진시 석문면 난지1길 52-11,31708,
351,제7조의3제2항에따른경우,아름슈퍼, ,충청남도 당진시 정안로 50 (원당동),31763,
352,제7조의3제2항에따른경우,세븐일레븐 당진대덕점, ,충청남도 당진시 무수동로 20 (대덕동),31775,
353,제7조의3제2항에따른경우,장터수산,충청남도 당진시 읍내동 145번지 13호,충청남도 당진시 당진시장길 100 (읍내동),31777,
354,제7조의3제2항에따른경우,(주)굴렁쇠할인마트,충청남도 당진시 송악읍 복운리 1630번지 3호,충청남도 당진시 송악읍 신복운로 43,31724,
355,제7조의3제2항에따른경우,로또매점,충청남도 당진시 송산면 유곡리 355번지 36호 현대프라자 B동 106호,충청남도 당진시 송산면 송산로 723. B동 1층 106호 (현대프라자),31711,
356,제7조의3제2항에따른경우,GS25 신평충무점,충청남도 당진시 신평면 거산리 15번지 1호 102호. 103호,충청남도 당진시 신평면 거산3거리길 68 (102호. 103호),31748,
357,제7조의3제2항에따른경우,GS25 당진삼봉,충청남도 당진시 석문면 삼봉리 923번지 4호,충청남도 당진시 석문면 대호만로 1746 (삼봉마트),31706,
358,제7조의3제3항에따른경우,합덕홈마트,충청남도 당진시 합덕읍 운산리 923번지 2호 1층,충청남도 당진시 합덕읍 운산로 125. 1층 (KT프라자),31811,
359,제7조의3제2항에따른경우,당진프라자,충청남도 당진시 신평면 신당리 258번지 9호,충청남도 당진시 신평면 서해로 7480 (솥뚜껑우렁이쌈밥),31744,
360,제7조의3제2항에따른경우,CU 당진세한대스타점,충청남도 당진시 신평면 남산리 1번지 25호,충청남도 당진시 신평면 만동포로 434-9,31746,
361,제7조의3제2항에따른경우,석담,충청남도 당진시 신평면 매산리 976번지 15호 영진글로벌(주),충청남도 당진시 신평면 당진항만로 65 (영진글로벌(주)),31750,
362,제7조의3제2항에따른경우,늘푸른식품,충청남도 당진시 읍내동 137번지 1호,충청남도 당진시 시장중앙길 64 (읍내동. 시골집식당),31777,
363,제7조의3제3항에따른경우,당진축협 하나로마트,충청남도 당진시 채운동 26-3,충청남도 당진시 아미로 833 (채운동),31786,
364,제7조의3제2항에따른경우,대박로또명당,충청남도 당진시 송악읍 가학리 616번지 10호,충청남도 당진시 송악읍 송악로 37,31732,
365,제7조의3제2항에따른경우,우드토피아 당진 2호점,충청남도 당진시 읍내동 1093번지,충청남도 당진시 무수동7길 69 (읍내동),31774,
366,제7조의3제2항에따른경우,GS25 당진신성대,충청남도 당진시 정미면 덕마리 246번지,충청남도 당진시 정미면 대학로 3,31801,
367,제7조의3제2항에따른경우,아라파니 슈퍼,충청남도 당진시 석문면 교로리 1032번지 2호,충청남도 당진시 석문면 새골길 103-31,31700,
368,제7조의3제2항에따른경우,신성마트,충청남도 당진시 읍내동 25번지 6호 신성아파트 신성상가 3호,충청남도 당진시 당진중앙2로 212-10. 1층 3호 (읍내동. 신성아파트),31776,
369,제7조의3제2항에따른경우,대흥상회,충청남도 당진시 순성면 중방리 95번지 7호,충청남도 당진시 순성면 붉은재길 4-4,31759,
370,제7조의3제2항에따른경우,바로콜마트,충청남도 당진시 읍내동 1051번지,충청남도 당진시 무수동7길 109 (읍내동. 한우목장정육점),31772,
371,제7조의3제2항에따른경우,이마트24 당진읍내 중앙점,충청남도 당진시 읍내동 1310번지,충청남도 당진시 무수동안길 20 (읍내동),31776,
372,제7조의3제3항에따른경우,하이플러스마트,충청남도 당진시 읍내동 185번지 2호 가온빌딩,충청남도 당진시 무수동옛길 75-6 (읍내동. 가온빌딩),31776,
373,제7조의3제2항에따른경우,(주)코리아세븐 당진송악점,충청남도 당진시 송악읍 복운리 1629번지 2호 104~105동 상가동,충청남도 당진시 송악읍 신복운로3길 28. 상가동 104~105호 (신성당진미소지움아파트),31724,
374,제7조의3제2항에따른경우,씨유 당진대덕로점,충청남도 당진시 대덕동 1178번지 4호,충청남도 당진시 아미로 799 (대덕동),31786,
375,제7조의3제2항에따른경우,위드미 당진삼우점,충청남도 당진시 합덕읍 소소리 425번지,충청남도 당진시 합덕읍 회태길 16-5,31809,
376,제7조의3제2항에따른경우,(주)아산개발,충청남도 당진시 송악읍 광명리 236번지 37호,충청남도 당진시 송악읍 서해로 6622,31735,
377,제7조의3제2항에따른경우,영주네 슈퍼,충청남도 당진시 대호지면 송전리 365번지 9호,충청남도 당진시 대호지면 문헌로 303,31798,
378,제7조의3제3항에따른경우,(주)서우리테일,충청남도 당진시 읍내동 312번지,충청남도 당진시 계성3길 59 (읍내동),343-922,
379,제7조의3제2항에따른경우,난지섬 번영회,충청남도 당진시 석문면 난지도리 701번지 1호, ,null,
380,제7조의3제2항에따른경우,GS25 당진동광점,충청남도 당진시 송악읍 복운리 1629번지 4호 동광아파트 상가 101~103호,충청남도 당진시 송악읍 신복운로3길 8 (동광아파트 상가 101~103호),343-827,
381,제7조의3제2항에따른경우,올레,충청남도 당진시 합덕읍 운산리 298번지 11호,충청남도 당진시 합덕읍 운산로 163,343-907,
382,제7조의3제2항에따른경우,산업단지슈퍼,충청남도 당진시 합덕읍 석우리 1144번지,충청남도 당진시 합덕읍 합덕산단4로 20,343-906,
383,제7조의3제2항에따른경우,CU 당진대덕타운,충청남도 당진시 대덕동 1517번지,충청남도 당진시 먹거리길 71-6. 1층 (대덕동),343-030,
384,제7조의3제2항에따른경우,위드미 우두슈퍼,충청남도 당진시 우두동 1421번지,충청남도 당진시 우두로1길 9-8 (우두동),343-080,
385,제7조의3제2항에따른경우,OK 편의점,충청남도 당진시 송악읍 중흥리 380번지 3호,충청남도 당진시 송악읍 신평로 1544,343-826,
386,제7조의3제2항에따른경우,이마트24 당진합덕원룸점,충청남도 당진시 합덕읍 운산리 908-8 삼성골드빌,충청남도 당진시 합덕읍 미락5길 27-3. 삼성골드빌,31811,
387,제7조의3제2항에따른경우,씨씨슈퍼,충청남도 당진시 송산면 동곡리 58번지 19호,충청남도 당진시 송산면 송산로 864-15. 1층,343-831,
388,제7조의3제3항에따른경우,대호지농협,충청남도 당진시 대호지면 조금리 162번지 1호,충청남도 당진시 대호지면 대호로 8,343-872,
389,제7조의3제2항에따른경우,GS25 송악산업로,충청남도 당진시 송악읍 한진리 193번지 39호 202호,충청남도 당진시 송악읍 북부산업로 1050. 202호,343-823,
390,제7조의3제2항에따른경우,당진호텔,충청남도 당진시 송악읍 반촌리 802번지 3호,충청남도 당진시 송악읍 반촌로 192,343-824,
391,제7조의3제2항에따른경우,당진보건소점,충청남도 당진시 채운동 215번지 9호,충청남도 당진시 서부로 63 (채운동),31785,
392,제7조의3제2항에따른경우,세븐일레븐 한진포구점,충청남도 당진시 송악읍 한진리 111번지 3호,충청남도 당진시 송악읍 한진포구길 22,343-823,
393,제7조의3제2항에따른경우,(주)코리아세븐 당진한진점,충청남도 당진시 송악읍 한진리 112번지 87호,충청남도 당진시 송악읍 부곡공단로 350-5,343-823,
394,제7조의3제2항에따른경우,이마트24 당진합덕점,충청남도 당진시 합덕읍 운산리 263번지 116호,충청남도 당진시 합덕읍 덕평로 561,343-907,
395,제7조의3제2항에따른경우,대보슈퍼마켓, ,충청남도 당진시 합덕읍 면천로 1577,343-903,
396,제7조의3제3항에따른경우,신평마트, ,충청남도 당진시 신평면 신평시장2길 5,343-812,
397,제7조의3제2항에따른경우,GS25 당진중앙, ,충청남도 당진시 당진중앙1로 121 (읍내동),343-923,
398,제7조의3제2항에따른경우,현대마트, ,충청남도 당진시 송악읍 한진포구길 27,343-823,
399,제7조의3제2항에따른경우,미니스톱 당진CGV점, ,충청남도 당진시 우두1로 88 (읍내동),343-010,
400,제7조의3제2항에따른경우,다니엘코리아 전자담배, ,충청남도 당진시 무수동로 109 (읍내동),343-925,
401,제7조의3제2항에따른경우,토토편의점, ,충청남도 당진시 송악읍 반촌로 194,343-824,
402,제7조의3제2항에따른경우,석문슈퍼, ,충청남도 당진시 석문면 산단9로 24. 104호 (코리아프라자),343-855,
403,제7조의3제2항에따른경우,국제무전기, ,충청남도 당진시 신평면 서해로 7297-7,343-816,
404,제7조의3제2항에따른경우,GS25 당진청구점, ,충청남도 당진시 정안로 99 (원당동),343-090,
405,제7조의3제2항에따른경우,금강철물, ,충청남도 당진시 송악읍 틀모시로 773,343-825,
406,제7조의3제2항에따른경우,한라마트, ,충청남도 당진시 원당로 51-10. 111동 105.106호 (원당동. 한라비발디 ),343-090,
407,제7조의3제2항에따른경우,청구그린마트, ,충청남도 당진시 원당골길 31. 상가동 101.102.103호 (원당동),343-752,
408,제7조의3제2항에따른경우,거북이 25시마트, ,충청남도 당진시 석문면 석문해안로 19-22,343-851,
409,제7조의3제2항에따른경우,평택벤딩,충청남도 당진시 석문면 삼봉리 2237번지, ,null,
410,제7조의3제2항에따른경우,짱구슈퍼, ,충청남도 당진시 합덕읍 상덕로 1023,343-906,
411,제7조의3제2항에따른경우,조이할인마트, ,충청남도 당진시 송산면 두멍개길 4-32,343-831,
412,제7조의3제2항에따른경우,아름슈퍼, ,충청남도 당진시 합덕읍 합덕성당2길 17-21,343-906,
413,제7조의3제2항에따른경우,제철마트,충청남도 당진시 송악읍 고대리 309번지 10호,충청남도 당진시 송악읍 대섬길 8. 101호,31726,
414,제7조의3제2항에따른경우,브레인상사,충청남도 당진시 읍내동 451번지 33호,충청남도 당진시 북문길 82 (읍내동),343-922,
415,제7조의3제2항에따른경우,한일편의점, ,충청남도 당진시 석문면 장고항로 329,343-855,
416,제7조의3제3항에따른경우,송악농협 하나로마트, ,충청남도 당진시 송악읍 반촌로 150,343-824,
417,제7조의3제2항에따른경우,팔각정횟집, ,충청남도 당진시 송악읍 한진포구길 55-13,343-823,
418,제7조의3제2항에따른경우,GS25합덕KT점, ,충청남도 당진시 합덕읍 미락4길 33,343-907,
419,제7조의3제2항에따른경우,썬상회, ,충청남도 당진시 정미면 회천로 493,343-863,
420,제7조의3제3항에따른경우,세븐일레븐 당진터미널점, ,충청남도 당진시 밤절로 149. 동 121호 (수청동. 당진공용버스터미널),343-050,
421,제7조의3제2항에따른경우,구내매점, ,충청남도 당진시 석문면 교로길 30 (한국동서발전(주)내),343-851,
422,제7조의3제2항에따른경우,조이할인마트, ,충청남도 당진시 석문면 용무치길 1. 1층,343-855,
423,제7조의3제2항에따른경우,벽산그린마트, ,충청남도 당진시 계성2길 51. 104호 (읍내동. 벽산아파트상가),343-751,
424,제7조의3제2항에따른경우,이동마트1,충청남도 당진시 채운동 산 55번지 13호, ,null,
425,제7조의3제2항에따른경우,522포대 작지마트,충청남도 당진시 고대면 장항리 134번지, ,null,
426,제7조의3제2항에따른경우,522포대 행지마트,충청남도 당진시 고대면 장항리 134번지, ,null,
427,제7조의3제2항에따른경우,98-2대대마트, ,충청남도 당진시 역천로 877 (채운동. 1789부대 2대대),343-100,
428,제7조의3제2항에따른경우,영진마트, ,충청남도 당진시 신평면 독암길 111,343-811,
429,제7조의3제2항에따른경우,쥬단학당진대리점, ,충청남도 당진시 밤절로 168 (수청동. 로뎀타워1층 103),343-050,
430,제7조의3제2항에따른경우,24시 슈퍼,충청남도 당진시 정미면 승산리 48번지 1호,충청남도 당진시 정미면 4.4만세로 631,343-862,
431,제7조의3제2항에따른경우,석문종합철물공구안전, ,충청남도 당진시 석문면 보덕포로 994-4,343-856,
432,제7조의3제2항에따른경우,일교수퍼마트,충청남도 당진시 읍내동 558번지 23호,충청남도 당진시 당진중앙2로 25-61 (읍내동),343-923,
433,제7조의3제2항에따른경우,한진상회,충청남도 당진시 송악읍 한진포구길 61,충청남도 당진시 송악읍 한진포구길 61,343-823,
434,제7조의3제3항에따른경우,당진농협 하나로마트 분사,충청남도 당진시 대덕동 376번지 1호,충청남도 당진시 동부1로 15 (대덕동),343-030,
435,제7조의3제2항에따른경우,에이(A)마트,충청남도 당진시 합덕읍 도곡리 119번지 1호,충청남도 당진시 합덕읍 면천로 1226,343-903,
436,제7조의3제2항에따른경우,당진종합상사, ,충청남도 당진시 시청2로 10 (수청동),343-050,
437,제7조의3제2항에따른경우,복운아울렛D.C백화점, ,충청남도 당진시 송악읍 신복운로6길 11,343-827,
438,제7조의3제2항에따른경우,현마트,충청남도 당진시 송산면 연방축길 351-6. 1층4호,충청남도 당진시 송산면 연방축길 351-6. 1층 4호,343-834,
439,제7조의3제2항에따른경우,세븐일레븐 당진석문점,충청남도 당진시 석문면 통정리 351번지 4호,충청남도 당진시 석문면 통정3길 33,343-856,
440,제7조의3제2항에따른경우,씨유 당진중앙로,충청남도 당진시 읍내동 232번지 38호,충청남도 당진시 당진중앙2로 110 (읍내동),343-010,
441,제7조의3제2항에따른경우,핸드폰나라, ,충청남도 당진시 송산면 송산로 837,343-830,
442,제7조의3제2항에따른경우,GS25당진프라임점,충청남도 당진시 읍내동 1279번지,충청남도 당진시 무수동옛길 70-2 (읍내동),343-010,
443,제7조의3제2항에따른경우,GS25당진삽교호점,충청남도 당진시 신평면 운정리 188번지 4호,충청남도 당진시 신평면 삽교천3길 89,343-810,
444,제7조의3제2항에따른경우,푸른로또, ,충청남도 당진시 무수동로 129. 103호 (읍내동. 여울빌딩),343-010,
445,제7조의3제2항에따른경우,씨유당진벽산,충청남도 당진시 읍내동 288번지 2호 가동 104호,충청남도 당진시 계성2길 68. 가동 104호 (읍내동),343-921,
446,제7조의3제2항에따른경우,세븐일레븐 당진빌리지점,충청남도 당진시 읍내동 991번지,충청남도 당진시 무수동4길 24-3. 101호 (읍내동. 꿈에뜰상가),343-010,
447,제7조의3제2항에따른경우,만경마트,충청남도 당진시 신평면 금천리 412번지 1호,충청남도 당진시 신평면 신평로 850,343-812,
448,제7조의3제2항에따른경우,덕영슈퍼,충청남도 당진시 합덕읍 운산리 256번지 211호,충청남도 당진시 합덕읍 합덕시장로 152,343-900,
449,제7조의3제2항에따른경우,주식회사 제일에스아이, ,충청남도 당진시 대호지면 대호로 816,343-872,
450,제7조의3제2항에따른경우,미니스톱 당진가곡점, ,충청남도 당진시 송산면 송산로 1083 (선호찜질방 단지내상가 c동 108호),343-830,
451,제7조의3제2항에따른경우,조이 할인마트,충청남도 당진시 송악읍 복운리 1653번지 1호,충청남도 당진시 송악읍 신복운로6길 34,343-820,
452,제7조의3제2항에따른경우,씨유 당진삽교부자점,충청남도 당진시 신평면 운정리 961번지 3호,충청남도 당진시 신평면 삽교천3길 10-22. 1층 109호,343-810,
453,제7조의3제2항에따른경우,쌍방울,충청남도 당진시 읍내동 548번지 5호,충청남도 당진시 당진중앙2로 54-17 (읍내동),343-923,
454,제7조의3제2항에따른경우,구차부슈퍼,충청남도 당진시 송악읍 기지시리 333번지 2호,충청남도 당진시 송악읍 기지시1길 43,343-820,
455,제7조의3제2항에따른경우,씨유 당진고대원룸,충청남도 당진시 송악읍 고대리 194번지 1502호,충청남도 당진시 송악읍 정곡로 596,343-823,
456,제7조의3제2항에따른경우,당진낚시할인마트, ,충청남도 당진시 서해로 5849 (원당동),343-808,
457,제7조의3제2항에따른경우,퍼니타임,충청남도 당진군 당진읍 읍내동 757번지,충청남도 당진군 당진읍 무수동6길 7-30,343-804,
458,제7조의3제2항에따른경우,지에스25 당진읍내타운점,충청남도 당진시 읍내동 637번지 42호,충청남도 당진시 당진중앙3로 36 (읍내동),343-924,
459,제7조의3제2항에따른경우,A마트,충청남도 당진군 송악읍 복운리 1643번지 6호,충청남도 당진군 송악읍 신복운로 181,343-820,
460,제7조의3제2항에따른경우,씨유 당진읍내타운점,충청남도 당진군 당진읍 읍내동 1293번지,충청남도 당진시 무수동안길 3 (읍내동),343-010,
461,제7조의3제2항에따른경우,구멍가게,충청남도 당진군 당진읍 시곡동 70번지 6호,충청남도 당진군 당진읍 서해로 6273,343-801,
462,제7조의3제3항에따른경우,왜목해맞이마트,충청남도 당진시 석문면 교로리 844번지 121호,충청남도 당진시 석문면 왜목길 51,343-851,
463,제7조의3제2항에따른경우,지에스25삼봉우승마을,충청남도 당진시  삼봉리 866번지 4호 우승빌딩 104,충청남도 당진시 석문면 대호만로 1779-7. 104호 (우승빌딩),343-853,
464,제7조의3제2항에따른경우,동양오토클럽,충청남도 당진시 원당동 391번지,충청남도 당진시 동부로 226 (원당동),343-090,
465,제7조의3제2항에따른경우,현대개발,충청남도 당진시 송악읍 반촌리 83번지 9호 가동,충청남도 당진시 송악읍 옛터골길 171,343-824,
466,제7조의3제2항에따른경우,마이마트주식회사,충청남도 당진시 신평면 거산리 15번지 2호,충청남도 당진시 신평면 거산3거리길 69,343-811,
467,제7조의3제2항에따른경우,바다슈퍼,충청남도 당진시 석문면 난지도리 653번지,충청남도 당진시 석문면 난지1길 66,343-852,
468,제7조의3제2항에따른경우,늘사랑마트,충청남도 당진시 송악읍 가학리 475번지 26호,충청남도 당진시 송악읍 송악로 69-5,343-822,
469,제7조의3제2항에따른경우,중앙마트,충청남도 당진시 석문면 삼봉리 921번지 3호,충청남도 당진시 석문면 대호로 1571,343-853,
470,제7조의3제2항에따른경우,믿음슈퍼,충청남도 당진군 당진읍 사기소동 292번지 7호 1통, ,null,
471,제7조의3제2항에따른경우,에이(A)마트,충청남도 당진군 송악읍 고대리 160번지 7호 1통 302호,충청남도 당진시 송악읍 안섬포구길 24-3. 302호,null,
472,제7조의3제2항에따른경우,김진석마트,충청남도 당진시 정미면 봉생리 84번지,충청남도 당진시 정미면 산동로 491,343-862,
473,제7조의3제2항에따른경우,다사랑 FOOD ON,충청남도 당진군 송악읍 한진리 170번지 8호 파인빌A동 1층,충청남도 당진시 송악읍 부곡공단로 412-23  (파인빌A동 1층),null,
474,제7조의3제2항에따른경우,씨유 당진문예대로점,충청남도 당진군 당진읍 읍내동 1055번지 1호,충청남도 당진시 시청1로 82 (읍내동),null,
475,제7조의3제2항에따른경우,비아체헤어,충청남도 당진군 당진읍 읍내동 1125번지,충청남도 당진시 무수동1길 25-22 (읍내동),null,
476,제7조의3제2항에따른경우,할머니가게,충청남도 당진군 석문면 삼봉리 922번지 40호,충청남도 당진시 석문면 대호로 1599-1,null,
477,제7조의3제2항에따른경우,세븐일레븐 당진왜목점,충청남도 당진군 석문면 교로리 844번지 123호 2통,충청남도 당진시 석문면 왜목길 45-1,null,
478,제7조의3제2항에따른경우,원룸슈퍼,충청남도 당진군 송산면 가곡리 369번지 1호,충청남도 당진시 송산면 참샘물길 74-1,null,
479,제7조의3제2항에따른경우,세븐일레븐 당진중앙점,충청남도 당진군 당진읍 읍내동 542번지 34호,충청남도 당진시 당진중앙2로 70 (읍내동),null,
480,제7조의3제2항에따른경우,송산종합건설,충청남도 당진군 송산면 유곡리 159번지 1호 4.5호,충청남도 당진시 송산면 송산로 917 (4.5호),null,
481,제7조의3제2항에따른경우,경인전자,충청남도 당진군 당진읍 대덕동 1701번지,충청남도 당진시 천변1길 224-8 (대덕동),null,
482,제7조의3제3항에따른경우,원마트,충청남도 당진시 신평면 금천리 862번지 5호 원마트,충청남도 당진시 신평면 신평로 865. 원마트,31741,
483,제7조의3제3항에따른경우,현대제철 구내매점,충청남도 당진시 송악읍 고대리 167번지 32호 현대제철주식회사 내,충청남도 당진시 송악읍 북부산업로 1426 (현대제철주식회사),343-823,
484,제7조의3제2항에따른경우,코리아세븐 당진현대복운점,충청남도 당진군 송악읍 복운리 1643번지 10호,충청남도 당진시 송악읍 신복운로2길 28,null,
485,제7조의3제2항에따른경우,순풍에돛달고,충청남도 당진시 합덕읍 운산리 255번지 12호 2동 8호,충청남도 당진시 합덕읍 버그내2길 128-25,343-907,
486,제7조의3제2항에따른경우,개그스토리 당진점,충청남도 당진시 채운동 510번지,충청남도 당진시 대호만로 28 (채운동),343-927,
487, ,중외제약 복지매점,충청남도 당진군 송악읍 한진리 420번지,충청남도 당진시 송악읍 한진1길 28,null,
488,제7조의3제2항에따른경우,GS25신평리가점,충청남도 당진군 신평면 금천리 1642번지 당진신평엘아이지리가아파트 제근린생활시설동 1층층,충청남도 당진시 신평면 신평로 792 (당진신평엘아이지리가아파트 제근린생활시설동 1층층),null,
489,제7조의3제2항에따른경우,은혜슈퍼,충청남도 당진군 석문면 통정리 172번지 8호, ,null,
490,제7조의3제2항에따른경우,도비도종합휴게소(주),충청남도 당진군 석문면 난지도리 558번지,충청남도 당진시 석문면 난지3길 13,null,
491,제7조의3제2항에따른경우,코뿔소매점,충청남도 당진시 신평면 운정리 181번지 4호,충청남도 당진시 신평면 삽교천길 112,343-816,
492,제7조의3제2항에따른경우,유원부동산,충청남도 당진군 당진읍 원당동 855번지 5호,충청남도 당진시 원당로 29 (원당동),null,
493,제7조의3제2항에따른경우,맷돌포슈퍼,충청남도 당진시 신평면 부수리 산 2번지 3호 (85번지), ,null,
494,제7조의3제2항에따른경우,씨유당진우민점,충청남도 당진군 당진읍 시곡동 136번지 1호 우민늘사랑아파트상가 112동 106호,충청남도 당진시 서해로 6216. 112동 106호 (시곡동.우민늘사랑아파트상가),null,
495,제7조의3제2항에따른경우,씨유 뉴당진읍사무소점,충청남도 당진시 채운동 234-10,충청남도 당진시 당진시장길 26 (채운동),31785,
496,제7조의3제2항에따른경우,유일전기조명,충청남도 당진군 당진읍 대덕동 1652번지,충청남도 당진시 무수동로 36 (대덕동),null,
497,제7조의3제2항에따른경우,바이더웨이 당진대덕점,충청남도 당진군 당진읍 대덕동 1585번지,충청남도 당진시 어디실길 42-3 (대덕동),null,
498,제7조의3제2항에따른경우,석문농업협동조합 하나로마트 삼봉점,충청남도 당진시 석문면 삼봉리 951-2,충청남도 당진시 석문면 대호만로 1732,31706,
499,제7조의3제2항에따른경우,참조기집,충청남도 당진군 신평면 운정리 885번지 삽교호수산물시장 122.123호,충청남도 당진시 신평면 삽교천길 101-10  (삽교호수산물시장 122.123호),null,
500,제7조의3제2항에따른경우,코라아세븐 당진삽교터미널점,충청남도 당진군 신평면 운정리 181번지 6호,충청남도 당진시 신평면 삽교천길 103,null,
501,제7조의3제2항에따른경우,산정수산물회관,충청남도 당진군 신평면 운정리 965번지 3호,충청남도 당진시 신평면 삽교천2길 33-4,null,
502,제7조의3제2항에따른경우,지에스(GS)25 신평장원점,충청남도 당진시 신평면 거산리 12번지 12호 현대자동차,충청남도 당진시 신평면 거산3거리길 31,31748,
503,제7조의3제3항에따른경우,(주)지에스리테일 GS수퍼 당진 송악점,충청남도 당진군 송악읍 복운리 1630번지 4호,충청남도 당진시 송악읍 신복운로5길 7,null,
504,제7조의3제2항에따른경우,현덕총포사,충청남도 당진군 신평면 상오리 515번지 4호,충청남도 당진시 신평면 덕평로 1307-2,null,
505,제7조의3제2항에따른경우,현진슈퍼,충청남도 당진군 당진읍 채운동 333번지 7호,충청남도 당진시 백암로 233-17 (채운동),null,
506,제7조의3제2항에따른경우,설악철물,충청남도 당진시 채운동 228-1. 228-2,충청남도 당진시 서부로 81 (채운동),343-926,
507,제7조의3제2항에따른경우,씨유 당진문예의전당점,충청남도 당진군 당진읍 읍내동 1121번지,충청남도 당진시 무수동1길 19 (읍내동),343-010,
508,제7조의3제2항에따른경우,미니스톱 당진합덕점,충청남도 당진군 합덕읍 운산리 918번지 15호,충청남도 당진시 합덕읍 미락1안길 23,343-907,
509,제7조의3제2항에따른경우,편의점 사랑,충청남도 당진군 신평면 금천리 361번지 11호 (386번지),충청남도 당진시 신평면 신평로 810 ((386번지)),null,
510,제7조의3제2항에따른경우,대상레져,충청남도 당진군 당진읍 읍내동 25번지 24호 인제빌딩 1층,충청남도 당진시 당진중앙2로 188  (읍내동.인제빌딩 1층),null,
511,제7조의3제2항에따른경우,신평농협 하나로마트,충청남도 당진시 신평면 금천리 345번지 8호,충청남도 당진시 신평면 신평로 799,343-812,
512,제7조의3제2항에따른경우,딸부자집마트,충청남도 당진군 면천면 성상리 산 3번지, ,null,
513,제7조의3제2항에따른경우,오오마트,충청남도 당진군 당진읍 대덕동 1643번지  1층5호,충청남도 당진시 무수동로 39 (대덕동.1층5호),null,
514,제7조의3제2항에따른경우,주니마트,충청남도 당진군 송산면 가곡리 46번지 163호,충청남도 당진시 송산면 송산로 1253,null,
515,제7조의3제2항에따른경우,영성마트철물,충청남도 당진시 면천면 성상리 951번지 1호,충청남도 당진시 면천면 면천로 625,343-884,
516,제7조의3제2항에따른경우,지중해슈퍼(낚시),충청남도 당진시 석문면 장고항리 1번지 2호,충청남도 당진시 석문면 석문방조제로 1799. 1층,31701,
517,제7조의3제2항에따른경우,상록슈퍼,충청남도 당진군 송악읍 한진리 103번지 4호 1통,충청남도 당진시 송악읍 한진포구길 43-1,null,
518, ,밀레당진점,충청남도 당진군 당진읍 읍내동 23번지 3호,충청남도 당진시 당진중앙2로 230 (읍내동),null,
519, ,삼성Q마트,충청남도 당진군 당진읍 채운동 1118번지 삼성쉐르빌 제상가동 101.102호,충청남도 당진시 대호만로 23-13  (채운동.삼성쉐르빌 제상가동 101.102호),null,
520, ,해두리,충청남도 당진군 석문면 장고항리 92번지 4호   101호,충청남도 당진시 석문면 석문방조제로 1796. 101호,null,
521, ,씨유 당진석문점,충청남도 당진군 석문면 삼화리 207번지 8호,충청남도 당진시 석문면 보덕포로 578,343-854,
522, ,대간미곡상회,충청남도 당진군 당진읍 채운동 98번지 2호,충청남도 당진시 남부로 72 (채운동),null,
523, ,광명철물,충청남도 당진군 송산면 삼월리 74번지,충청남도 당진시 송산면 송산로 500,null,
524, ,충남상회,충청남도 당진시 합덕읍 석우리 991번지 13호,충청남도 당진시 합덕읍 예덕로 3,343-906,
525, ,명가원조 호두과자,충청남도 당진군 당진읍 읍내동 459번지 2호   104호,충청남도 당진시 서해로 5772. 104호 (읍내동),null,
526, ,이마트24당진점,충청남도 당진군 당진읍 채운동 337번지,충청남도 당진시 백암로 217 (채운동),null,
527, ,선창낚시,충청남도 당진군 석문면 장고항리 851번지 52호,충청남도 당진시 석문면 용무치길 17-18,null,
528, ,도산리매점,충청남도 당진시 정미면 도산리 328번지 1호, ,31799,
529, ,마을구판장,충청남도 당진군 합덕읍 옥금리 136번지 16호, ,null,
530, ,훼미리마트 당진한진포구점,충청남도 당진군 송악읍 한진리 178번지 8호,충청남도 당진시 송악읍 한진포구길 7,null,
531, ,당진밸브&피팅,충청남도 당진군 당진읍 수청동 484번지 7호 가-  102호,충청남도 당진시 서해로 6004. 102호 (수청동.가-),null,
532, ,세븐일레븐 당진현대제철본점,충청남도 당진시 송악읍 고대리 167번지 32호 현대제철주식회사,충청남도 당진시 송악읍 북부산업로 1480. 현대제철주식회사 통제센타,31719,
533, ,포유25,충청남도 당진군 송악읍 복운리 1648번지 1호 1층,충청남도 당진시 송악읍 신복운로4길 6-7 (1층),null,
534, ,GS25 당진합덕점,충청남도 당진군 합덕읍 운산리 291번지 18호,충청남도 당진시 합덕읍 덕평로 570-3,null,
535, ,광장식당,충청남도 당진군 석문면 교로리 937번지 17호,충청남도 당진시 석문면 대호만로 2314,null,
536,제7조의3제2항에따른경우,GS25뉴당진읍내원룸2호점,충청남도 당진시 읍내동 826 현건빌딩,충청남도 당진시 무수동7길 205-24 (읍내동. 현건빌딩),31772,
537, ,(주)제일종합상사,충청남도 당진군 당진읍 읍내동 50번지 5호 101.102호,충청남도 당진시 무수동로 185.  101.102호 (읍내동),null,
538, ,한아름마트,충청남도 당진군 송악읍 기지시리 155번지 20호,충청남도 당진시 송악읍 반촌로 87-1,null,
539, ,(주)코리아세븐 당진복운점,충청남도 당진군 송악읍 복운리 1639번지 1호,충청남도 당진시 송악읍 신복운로6길 16-1,null,
540, ,씨유 당진왜목점,충청남도 당진군 석문면 교로리 844번지 11호,충청남도 당진시 석문면 왜목길 33,343-851,
541, ,풀잎마트,충청남도 당진군 송악읍 복운리 1654번지 1호,충청남도 당진시 송악읍 신복운로2길 31-16,null,
542, ,다드림푸드,충청남도 당진군 송산면 가곡리 386번지 14호,충청남도 당진시 송산면 무수들길 370,null,
543, ,명지슈퍼,충청남도 당진군 우강면 송산리 220번지 71호 우강명지아파트상가 1층,충청남도 당진시 우강면 솔뫼로 145 (우강명지아파트상가 1층),null,
544,제7조의3제2항에따른경우,당진복권방,충청남도 당진시 읍내동 645번지,충청남도 당진시 교동길 140 (읍내동),343-924,
545, ,에스마트,충청남도 당진시 정미면 덕마리 344번지 3호,충청남도 당진시 정미면 산동로 121,31801,
546, ,GS25 당진중흥점,충청남도 당진시 송악읍 중흥리 233번지 5호 105호,충청남도 당진시 송악읍 송악로 690. 105호,343-826,
547, ,성당슈퍼,충청남도 당진시 사기소동 701번지,충청남도 당진시 역천로 261 (사기소동),343-040,
548, ,단일슈퍼,충청남도 당진시 신평면 거산리 192번지 1호,충청남도 당진시 신평면 거산3거리길 11-26,343-811,
549, ,당진중앙장례예식장,충청남도 당진군 송악읍 광명리 236번지 29호,충청남도 당진시 송악읍 조비실길 47,null,
550, ,대성슈퍼,충청남도 당진군 신평면 거산리 182번지 12호,충청남도 당진시 신평면 거산3거리길 11,null,
551, ,현대슈퍼,충청남도 당진군 신평면 금천리 299번지 21호,충청남도 당진시 신평면 신평길 140,null,
552, ,미래슈퍼,충청남도 당진군 송악읍 고대리 46번지 3호,충청남도 당진시 송악읍 고잔1길 63,null,
553, ,장미슈퍼,충청남도 당진군 우강면 창리 339번지 5호,충청남도 당진시 우강면 면천로 1748-13,null,
554, ,신광철물점,충청남도 당진군 정미면 천의리 290번지,충청남도 당진시 정미면 정미로 702,null,
555, ,싱싱회센터,충청남도 당진군 신평면 운정리 963번지 3호,충청남도 당진시 신평면 삽교천3길 12,null,
556, ,봉황슈퍼,충청남도 당진군 정미면 봉생리 230번지 1호,충청남도 당진시 정미면 말우리길 2,null,
557, ,송악낚시마트,충청남도 당진군 송악읍 복운리 1624번지 3호,충청남도 당진시 송악읍 북부산업로 714,null,
558, ,해태유통,충청남도 당진군 합덕읍 대합덕리 60호, ,null,
559, ,학생백화점,충청남도 당진군 합덕읍 운산리 3번지 54  호   ,충청남도 당진시 합덕읍 덕평로 511,null,
560,제7조의3제2항에따른경우,충청마트,충청남도 당진시 신평면 운정리 962번지 2호,충청남도 당진시 신평면 삽교천3길 76,343-816,
561, ,은영슈퍼,충청남도 당진군 면천면 성상리 734호   ,충청남도 당진시 면천면 면천서문1길 57,null,
562, ,천의차부슈퍼,충청남도 당진시 정미면 천의리 250번지,충청남도 당진시 정미면 4.4만세로 707,31800,
563, ,씨유 당진순성점,충청남도 당진시 순성면 봉소리 121번지 2호,충청남도 당진시 순성면 남부로 1158,null,
564, ,영란네맛집,충청남도 당진군 신평면 운정리 157번지 20  호,충청남도 당진시 신평면 삽교천길 83,null,
565, ,가가고투국제결혼,충청남도 당진군 합덕읍 운산리 295번지 37  호   ,충청남도 당진시 합덕읍 당진3거리길 12,null,
566, , ,충청남도 당진군 신평면 금천리 357번지 4   호   ,충청남도 당진시 신평면 신평로 825,null,
567, ,씨유 당진훼미리점,충청남도 당진군 송악읍 한진리 346번지 8   호,충청남도 당진시 송악읍 북부산업로 1107,343-820,
568, ,경덕횟집,충청남도 당진군 송산면 가곡리 12번지 46호   ,충청남도 당진시 송산면 성구미길 102-29,null,
569,제7조의3제2항에따른경우,성심상회, ,충청남도 당진시 신평면 신평길 93-8,343-812,
570, ,신발나라,충청남도 당진군 우강면 송산리 산21번지 13호   , ,null,
571, ,송악슈퍼,충청남도 당진군 송악읍 기지시리 47번지 14호 홈테크임대아파트상가 1층 1호,충청남도 당진시 송악읍 틀모시로 709 (홈테크임대아파트상가 1층 1호),null,
572, ,박스마트,충청남도 당진군 신평면 운정리 962번지 1호   ,충청남도 당진시 신평면 삽교천3길 72,null,
573, ,묵성리구판장,충청남도 당진군 합덕읍 도곡리 88호,충청남도 당진시 합덕읍 면천로 1287,null,
574, ,청학MRO,충청남도 당진군 송악읍 고대리 16번지 1호,충청남도 당진시 송악읍 북부산업로 1157,null,
575, ,코오롱마트,충청남도 당진시 읍내동 1061번지 코오롱아파트단지내상가 102~105호,충청남도 당진시 무수동7길 138 (읍내동. 코오롱아파트단지내상가 102~105),343-925,
576, ,그린무역,충청남도 당진군 당진읍 읍내동 144번지 9호,충청남도 당진시 시장중앙길 86  (읍내동),null,
577, ,세븐일레븐 당진현대제철소점,충청남도 당진시 송산면 동곡리 산 1번지 현대하이스코(주),충청남도 당진시 송산면 북부산업로 1526. 현대하이스코(주),31718,
578, ,서해낚시할인마트,충청남도 당진군 당진읍 시곡동 1121번지 7호,충청남도 당진시 서해로 6039  (시곡동),null,
579, ,씨유 당진기지시점,충청남도 당진군 송악읍 기지시리 155번지 27호,충청남도 당진시 송악읍 반촌로 93,343-825,
580, ,구내매점,충청남도 당진군 석문면 교로리 974호 당진화력건설현장  ,충청남도 당진시 석문면 교로길 30  (당진화력건설현장),null,
581, ,현대주유소,충청남도 당진군 당진읍 채운동 142번지 1호,충청남도 당진시 백암로 80-12 (채운동),null,
582, ,(주)용주유통,충청남도 당진시 시곡동 64번지 11호,충청남도 당진시 반촌로 29-8 (시곡동),343-060,
583, ,세븐일레븐 송악휴게소점,충청남도 당진시 송악읍 부곡리 143번지 12호 송악휴게소,충청남도 당진시 송악읍 북부산업로 839. 송악휴게소,31723,
584, ,봉학마트,충청남도 당진군 신평면 거산리 430번지 1호 봉학마을아파트 105동 1층 101호,충청남도 당진시 신평면 섭실길 114-20 (봉학마을아파트 105동 1층 101호),null,
585, ,남당진IC하나주유소,충청남도 당진군 면천면 송학리 469번지 4호,충청남도 당진시 면천면 아미로 93,null,
586, ,(주)지에스리테일 당진점,충청남도 당진군 당진읍 읍내동 247번지 6호,충청남도 당진시 당진중앙2로 185-50 (읍내동),null,
587,제7조의3제2항에따른경우,푸른로또,충청남도 당진시 읍내동 1061번지 코오롱하늘채@내 상가 201호,충청남도 당진시 무수동7길 138. 201호 (읍내동. 코오롱하늘채아파트내상가),343-925,
588, ,함지박가든,충청남도 당진군 송산면 동곡리 135번지 4호   , ,null,
589, ,당진할인마트,충청남도 당진군 당진읍 읍내동 652번지 14호,충청남도 당진시 시장중앙길 105 (읍내동),null,
590, ,(주)한독프라자,충청남도 당진군 합덕읍 운산리 285호   ,충청남도 당진시 합덕읍 합우로 127-3,null,
591, ,송산농협,충청남도 당진군 송산면 삼월리 116번지 2호,충청남도 당진시 송산면 상거중앙길 85,null,
592, ,소난지상회,충청남도 당진군 석문면 난지도리 365호,충청남도 당진시 석문면 난지2길 5-4,null,
593, ,후견상회,충청남도 당진군 합덕읍 신흥리 34호   , ,null,
594, ,ok슈퍼,충청남도 당진군 합덕읍 운산리 26호   , ,null,
595, ,할렐루야 수퍼,충청남도 당진군 신평면 금천리 378호   , ,null,
596, ,마지막슈퍼,충청남도 당진시 송산면 가곡리 41번지 5호,충청남도 당진시 송산면 송산로 1240,343-831,
597, ,가곡가든,충청남도 당진군 송산면 가곡리 64호   ,충청남도 당진시 송산면 송산로 1145,null,
598, ,경영인슈퍼,충청남도 당진군 석문면 난지도리 541호,충청남도 당진시 석문면 대호만로 2902-6,null,
599, ,흥농약사,충청남도 당진군 송산면 상거리 292번지 5   호,충청남도 당진시 송산면 상거길 16,null,
600, ,대촌슈퍼,충청남도 당진군 고대면 대촌리 657번지 6   호,충청남도 당진시 고대면 고대로 217,null,
601, ,한성사,충청남도 당진군 합덕읍 운산리 293번지 16  호   ,충청남도 당진시 합덕읍 합덕시장로 206,null,
602, ,용왕슈퍼.수산,충청남도 당진군 석문면 장고항리 543호   , ,null,
603, ,일요낚시슈퍼,충청남도 당진군 송악읍 한진리 112번지 19  호   ,충청남도 당진시 송악읍 한진포구길 13,null,
604, ,동양마트당진중앙점,충청남도 당진군 당진읍 읍내동 229번지 2호   ,충청남도 당진시 당진중앙2로 133  (읍내동),null,
605, ,푸른식품마트,충청남도 당진군 송산면 매곡리 330호,충청남도 당진시 송산면 당산1로 563,null,
606, ,코리아세븐 당진삼봉점,충청남도 당진시 석문면 삼봉리 896번지 1호 4통, ,31706,
607, ,육군복지근무지원단충성클럽당진점,충청남도 당진군 당진읍 채운동 호 사서함 1호  , ,null,
608, ,씨유 당진신평점,충청남도 당진군 신평면 거산리 173-17호,충청남도 당진시 신평면 덕평로 1392,343-810,
609, ,덕마슈퍼,충청남도 당진군 정미면 덕마리 67-1호, ,null,
610, ,송악농협 중흥지점,충청남도 당진시 송악읍 중흥리 375-11 송악농협중흥지점,충청남도 당진시 송악읍 송악로 660-1. 송악농협중흥지점,31728,
611, ,정미 농업협동조합(하나로마트),충청남도 당진시 정미면 천의리 249번지 3호,충청남도 당진시 정미면 4.4만세로 699,343-862,
612, ,석문농업협동조합,충청남도 당진시 석문면 통정리 산 171번지 10호 석문농협,충청남도 당진시 석문면 통정3안길 1. 석문농협,31703,
613, ,수웅마트,충청남도 당진군 송악읍 석포리 318-3호 수웅누리@ 상가동3호  , ,null,
614, ,삼남슈퍼,충청남도 당진군 합덕읍 운산리 276번지 108 호   ,충청남도 당진시 합덕읍 버그내1길 90-1,null,
615, ,대흥슈퍼,충청남도 당진군 당진읍 읍내동 224-7호, ,null,
616, ,태신건재,충청남도 당진시 합덕읍 운산리 291번지 16호,충청남도 당진시 합덕읍 면천로 1730,343-907,
617, ,별사랑마트,충청남도 당진군 송악읍 복운리 1659번지 2호,충청남도 당진시 송악읍 부곡공단2길 6,343-820,
618, ,세안슈퍼,충청남도 당진군 순성면 봉소리 205호,충청남도 당진시 순성면 순성로 454,null,
619, ,세븐일레븐 당진송산대상점,충청남도 당진군 송산면 금암리 11호,충청남도 당진시 송산면 송산로 164,null,
620, ,슈퍼,충청남도 당진시 면천면 원동리 349번지, ,null,
621, ,바다마을,충청남도 당진군 송악읍 한진리 112호,충청남도 당진시 송악읍 한진포구길 23,null,
622, ,오뚜기슈퍼,충청남도 당진시 읍내동 219번지 68호,충청남도 당진시 남산공원길 17 (읍내동),343-920,
623, ,잡화점,충청남도 당진시 정미면 천의리 259번지, ,null,
624,제7조의3제3항에따른경우,우강농협 하나로마트,충청남도 당진시 우강면 송산리 788번지,충청남도 당진시 우강면 면천로 1711,31754,
625, ,대광슈퍼,충청남도 당진시 순성면 봉소리 122번지 2호,충청남도 당진시 순성면 순성로 510,343-895,
626, ,시온슈퍼,충청남도 당진시 순성면 중방리 637번지 4호,충청남도 당진시 순성면 덕평로 905,343-894,
627, ,잡화상,충청남도 당진시 대호지면 조금리 359번지, ,null,
628, ,대덕슈퍼,충청남도 당진시 대덕동 1154번지 3호 대덕슈퍼,충청남도 당진시 아미로 779. 대덕슈퍼 (대덕동),31786,
629, ,정은상회,충청남도 당진시 합덕읍 대합덕리 89번지,충청남도 당진시 합덕읍 상덕로 845,343-902,
630, ,구판장,충청남도 당진시 신평면 상오리 산 27번지 5호,충청남도 당진시 신평면 순성로 982,343-815,
631, ,역내식당,충청남도 당진시 용연동 931번지 8호,충청남도 당진시 역천로 560 (용연동),343-070,
632, ,사거리슈퍼,충청남도 당진군 순성면 봉소리 481호,충청남도 당진시 순성면 틀모시로 138,null,
633, ,도곡정류장,충청남도 당진시 합덕읍 도곡리 89번지 3호,충청남도 당진시 합덕읍 면천로 1273-1,343-903,
634, ,털보바다횟집,충청남도 당진시 송산면 가곡리 12번지 5호,충청남도 당진시 송산면 성구미길 102-9,343-831,
635, ,소소리상회,충청남도 당진시 합덕읍 소소리 49번지 1호 2통, ,31809,
636, ,고향식품,충청남도 당진군 순성면 봉소리 58-10호   , ,null,
637, ,상신하이퍼마켓,충청남도 당진군 합덕읍 운산리 268호, ,null,
638, ,대호식품,충청남도 당진시 대호지면 조금리 162번지 1호 대호지농협,충청남도 당진시 대호지면 대호로 8. 대호지농협,31798,
639, ,잡화점,충청남도 당진군 송산면 가곡리 108-12호   , ,null,
640, ,방죽슈퍼,충청남도 당진시 합덕읍 합덕리 312번지 4호,충청남도 당진시 합덕읍 덕평로 372,343-907,
641, ,덕성마트,충청남도 당진시 읍내동 662번지 14호,충청남도 당진시 당진시장서길 27 (읍내동),31777,
642, ,부장상회,충청남도 당진시 우강면 부장리 293번지 157호,충청남도 당진시 우강면 평야1로 25,31752,
643, ,잡화상,충청남도 당진시 고대면 진관리 836번지 6호,충청남도 당진시 고대면 당미로 594,343-844,
644, ,중명슈퍼,충청남도 당진군 순성면 봉소리 50-10호   , ,null,
645, ,GS25 당진채운점,충청남도 당진시 채운동 267번지 4호,충청남도 당진시 서부로 246 (채운동),343-926,
646, ,아라슈퍼,충청남도 당진시 석문면 삼화리 1279-5번지 5호,충청남도 당진시 석문면 원삼화로 14-6,343-854,
647, ,우두상회,충청남도 당진군 당진읍 우두동 562-2호   , ,null,
648, ,SK편의점,충청남도 당진시 송악읍 오곡리 291번지 3호,충청남도 당진시 송악읍 송악로 796,343-827,
649, ,식당(매점),충청남도 당진시 우강면 세류리 304번지 3호,충청남도 당진시 우강면 덕평로 943,343-913,
650, ,태양슈퍼,충청남도 당진시 합덕읍 운산리 286번지 1호,충청남도 당진시 합덕읍 합우로 121,31812,
651, ,장고항입구정류소,충청남도 당진군 석문면 삼봉리 409호, ,null,
652, ,초이스슈퍼,충청남도 당진군 당진읍 읍내동 542-36호   , ,null,
653, ,잡화상,충청남도 당진군 당진읍 읍내동 558-3호   , ,null,
654,제7조의3제3항에따른경우,고대농업협동조합,충청남도 당진시 고대면 용두리 676번지 10호 고대농협,충청남도 당진시 고대면 고대로 24. 고대농협 1층,31793,
655, ,젊은오빠 비디오,충청남도 당진군 합덕읍 운산리 263-136호   , ,null,
656, ,충남 자동차학원 매점,충청남도 당진군 당진읍 원당동 664호   ,충청남도 당진시 원당로 141-10  (원당동),null,
657, ,중명슈퍼,충청남도 당진시 송산면 유곡리 219번지 10호 송산 중명아파트,충청남도 당진시 송산면 송산로 809 (송산 중명아파트),31711,
658, ,잡화상,충청남도 당진시 읍내동 167번지 3호,충청남도 당진시 교동길 120 (읍내동),343-920,
659, ,새서울부동산,충청남도 당진시 읍내동 163번지 6호,충청남도 당진시 청룡길 263 (읍내동),343-920,
660, ,고산차부,충청남도 당진군 고대면 장항리 925-6호, ,null,
661, ,무수리 행복한 가게,충청남도 당진시 송산면 무수리 560번지 4호,충청남도 당진시 송산면 안고잔길 2,343-835,
662,제7조의3제3항에따른경우,신평농협 삽교천지점,충청남도 당진시 신평면 운정리 187-11 신평농협,충청남도 당진시 신평면 삽교천3길 98. 신평농협,31744,
663, ,신흥식품,충청남도 당진군 신평면 도성리 산88호, ,null,
664, ,금성상회,충청남도 당진시 우강면 송산리 69번지 1호,충청남도 당진시 우강면 솔뫼로 185,343-914,
665, ,은지마트,충청남도 당진시 신평면 거산리 46-1번지,충청남도 당진시 신평면 거산3거리길 22 (은지할인마트),31748,
666, ,남산정류소,충청남도 당진시 면천면 율사리 147번지 3호,충청남도 당진시 면천면 한천로 578,31807,
667, ,잡화상,충청남도 당진군 송악읍 고대리 산36호   , ,null,
668, ,합덕농협,충청남도 당진시  운산리 263번지 214호,충청남도 당진시 합덕읍 합우로 165,343-907,
669, ,종합페인트,충청남도 당진군 당진읍 읍내동 657-3호   , ,null,
670, ,잡화상,충청남도 당진시 채운동 333번지 10호,충청남도 당진시 백암로 233-2 (채운동),343-926,
671,제7조의3제2항에따른경우,면천농협 하나로마트,충청남도 당진시 면천면 문봉리 924번지,충청남도 당진시 면천면 골정길 5,343-884,
672, ,매일슈퍼,충청남도 당진시 읍내동 647번지 13호,충청남도 당진시 시장중앙길 140 (읍내동),343-924,
673, ,농공단지내 슈퍼,충청남도 당진시 시곡동 81번지 9호,충청남도 당진시 시곡로 307 (시곡동),343-060,
674, ,은혜슈퍼,충청남도 당진시 읍내동 558번지 85호 은혜슈퍼,충청남도 당진시 당진중앙2로 20. 은혜슈퍼 (읍내동),31777,
675, ,구판장,충청남도 당진군 합덕읍 도곡리 31호,충청남도 당진시 합덕읍 면천로 1303-64,null,
676, ,당진식품,충청남도 당진군 당진읍 읍내동 145번지 12호, ,null,
677, ,중앙슈퍼,충청남도 당진시 대호지면 송전리 502번지,충청남도 당진시 대호지면 창말길 47-2,31798,
678, ,석문철물,충청남도 당진시 석문면 통정리 390번지 1호,충청남도 당진시 석문면 통정3안길 8-9,343-856,
679, ,잡화상,충청남도 당진군 순성면 갈산리 산87호   , ,null,
680, ,슈퍼,충청남도 당진시 읍내동 676번지 2호,충청남도 당진시 당진천2길 32-16 (읍내동),343-924,
681, ,당진농협계성지점,충청남도 당진시 읍내동 226번지 3호,충청남도 당진시 당진중앙1로 136 (읍내동),343-920,
682, ,농협 구판장,충청남도 당진시 순성면 봉소리 90번지 2호,충청남도 당진시 순성면 순성로 495,343-895,
683, ,케리부룩,충청남도 당진시 신평면 금천리 387번지 2호,충청남도 당진시 신평면 신평시장2길 20-1,343-812,
684, ,설악슈퍼,충청남도 당진시 읍내동 633번지 18호,충청남도 당진시 당진중앙3로 20 (읍내동),343-924,
685, ,(주)하모니마트 순성점,충청남도 당진시 순성면 봉소리 121번지 1호,충청남도 당진시 순성면 남부로 1155,343-895,
686, ,슈퍼,충청남도 당진시 합덕읍 운산리 290번지 11호,충청남도 당진시 합덕읍 합덕시장로 214-10,343-907,
687, ,잡화,충청남도 당진군 고대면 성산리 696호,충청남도 당진시 고대면 서집들길 111-69,null,
688, ,금산인삼센타,충청남도 당진시 읍내동 698번지 31호,충청남도 당진시 당진중앙3로 98 (읍내동),31777,
689, ,소매업,충청남도 당진군 석문면 초락도리 산72-11호   , ,null,
690, ,삼성슈퍼,충청남도 당진시 합덕읍 운산리 255번지 85호 2통,충청남도 당진시 합덕읍 버그내2길 143,31812,
691, ,잡화상,충청남도 당진군 합덕읍 운산리 273-59호   , ,null,
692, ,왕자쎈타,충청남도 당진시 합덕읍 운산리 266번지 23호,충청남도 당진시 합덕읍 중동1길 40,343-907,
693, ,잡화상,충청남도 당진군 송악읍 기지시리 297호,충청남도 당진시 송악읍 기지시1길 16-19,null,
694, ,잡화상,충청남도 당진군 당진읍 구룡동 499호   , ,null,
695, ,잡화상,충청남도 당진군 합덕읍 석우리 928호   , ,null,
696, ,은성전자,충청남도 당진시 석문면 통정리 385번지 1호,충청남도 당진시 석문면 통정3길 2,343-856,
697, ,장항리정유소,충청남도 당진군 고대면 성산리 100호   , ,null,
698, ,우강상회,충청남도 당진군 우강면 창리 231호, ,null,
699, ,잡화상,충청남도 당진군 면천면 성상리 897호, ,null,
700, ,구룡정류소,충청남도 당진시 구룡동 901번지,충청남도 당진시 역천로 157 (구룡동),343-020,
701, ,다정상회,충청남도 당진시 합덕읍 운산리 3번지 14호,충청남도 당진시 합덕읍 덕평로 514,343-907,
702, ,일교문구센터. 그린오피스,충청남도 당진시 읍내동 12통,충청남도 당진시 당진중앙1로 15,31769,
703, ,영마트,충청남도 당진시 순성면 봉소리 879번지 7호 2통, ,31757,
704, ,문봉슈퍼,충청남도 당진시 면천면 문봉리 544번지 7호 문봉슈퍼,충청남도 당진시 면천면 면천로 985. 문봉슈퍼,31761,
705, ,잡화상,충청남도 당진시 합덕읍 운산리 264번지, ,null,
706, ,매산연쇄점,충청남도 당진군 신평면 매산리 190호,충청남도 당진시 신평면 샛터로 392-13,null,
